customer_id,age,employment_type,employer_type,monthly_income,employment_tenure_months,residence_type,city_tier,marital_status,dependents,bureau_score,active_loans,closed_loans,unsecured_loans,credit_utilization_ratio,max_dpd_last_12m,inquiries_last_3m,oldest_trade_line_months,credit_cards_active,monthly_salary_credit,salary_credit_consistency_6m,average_monthly_balance_6m,cheque_bounces_6m,cash_deposits_6m,banking_stability_index,emi_obligation_amount,desired_amount,loan_type,dti_ratio,net_disposable_income,g5_score,g6_score,decision_status,eligible_amount,interest_rate
CUST-000001,38,SALARIED,MNC,74688,141,RENTED,TIER_2,MARRIED,0,750,3,4,0,0.2486,0,1,6,2,77679,0.9271,64444,0,5,0.8736,27787,113013,PERSONAL,0.372,46901,0.7425,0.8141,APPROVED,113013,0.12
CUST-000002,33,SALARIED,PRIVATE,71257,105,OWNED,TIER_2,MARRIED,3,704,3,5,1,0.2318,76,3,57,1,68058,0.928,45761,0,3,0.9049,10676,213593,PERSONAL,0.1498,60581,0.7393,0.6646,APPROVED,213593,0.155
CUST-000003,40,SALARIED,MNC,49088,129,OWNED,TIER_2,MARRIED,3,656,2,3,2,0.2185,0,1,75,1,50192,0.9625,27260,0,3,0.9169,18699,210307,PERSONAL,0.3809,30389,0.6795,0.5775,REJECTED,0,0.0
CUST-000004,47,PROFESSIONAL,N/A,65612,196,RENTED,TIER_1,MARRIED,2,706,1,2,1,0.17,0,1,64,2,62484,0.9218,58281,0,3,0.8777,25915,202634,PERSONAL,0.395,39697,0.8007,0.5752,APPROVED,202634,0.155
CUST-000005,33,SALARIED,PRIVATE,50517,88,RENTED,TIER_1,DIVORCED,4,706,0,5,0,0.5475,8,2,48,1,48872,0.9344,18926,0,6,0.7805,0,111663,PERSONAL,0.0,50517,0.7217,0.6276,APPROVED,111663,0.155
CUST-000006,33,SALARIED,PRIVATE,70542,84,OWNED,TIER_2,MARRIED,0,791,1,5,1,0.3767,0,3,35,2,73981,0.9062,38060,0,4,0.7989,8307,112046,PERSONAL,0.1178,62235,0.7625,0.6852,APPROVED,112046,0.12
CUST-000007,47,SALARIED,GOVERNMENT,54172,221,OWNED,TIER_2,SINGLE,1,676,1,2,1,0.3397,0,2,30,1,53418,0.9324,35892,0,3,0.7967,19854,160166,PERSONAL,0.3665,34318,0.7222,0.5658,REJECTED,0,0.0
CUST-000008,41,SALARIED,PRIVATE,35861,154,OWNED,TIER_3,SINGLE,2,691,1,2,1,0.2249,0,0,66,3,37010,0.9088,20334,0,3,0.7403,3408,132223,PERSONAL,0.095,32453,0.6393,0.668,REJECTED,0,0.0
CUST-000009,31,SALARIED,MNC,37172,62,RENTED,TIER_3,DIVORCED,2,747,2,1,0,0.271,30,1,65,2,36711,0.8354,10000,0,3,0.7493,14589,233860,PERSONAL,0.3925,22583,0.6635,0.6702,APPROVED,156122,0.135
CUST-000010,39,SALARIED,MNC,35318,143,RENTED,TIER_3,SINGLE,1,662,3,2,2,0.5096,10,5,61,1,36518,0.9641,24268,0,3,0.869,30992,130577,PERSONAL,0.55,4326,0.6959,0.5505,REJECTED,0,0.0
CUST-000011,31,SALARIED,PRIVATE,85135,75,RENTED,TIER_2,SINGLE,1,698,3,4,1,0.4158,0,0,45,3,89097,0.9581,62458,0,4,0.7808,25835,128667,PERSONAL,0.3035,59300,0.7253,0.6403,REJECTED,0,0.0
CUST-000012,31,SALARIED,PRIVATE,41657,75,RENTED,TIER_1,SINGLE,0,643,1,2,1,0.5393,9,0,57,0,41388,0.9577,16670,0,3,0.6933,4718,66534,PERSONAL,0.1133,36939,0.6453,0.4994,REJECTED,0,0.0
CUST-000013,36,SALARIED,PRIVATE,25000,133,RENTED,TIER_3,SINGLE,1,785,2,2,1,0.2888,0,4,37,3,25148,0.9339,10000,0,1,0.7375,13286,232362,PERSONAL,0.5314,11714,0.7023,0.6793,REJECTED,0,0.0
CUST-000014,22,SELF_EMPLOYED,N/A,65753,6,RENTED,TIER_2,MARRIED,0,718,1,0,1,0.2329,0,4,31,1,66598,0.9614,30083,0,4,0.8522,23320,176235,PERSONAL,0.3547,42433,0.8257,0.6796,APPROVED,176235,0.155
CUST-000015,22,SALARIED,GOVERNMENT,108729,6,OWNED,TIER_1,MARRIED,2,734,2,2,0,0.5726,14,2,41,0,113456,0.8235,60137,0,5,0.6888,21184,50000,PERSONAL,0.1948,87545,0.7019,0.659,APPROVED,50000,0.135
CUST-000016,30,SALARIED,MNC,77884,40,COMPANY,TIER_3,MARRIED,0,785,0,2,0,0.2291,0,0,42,0,75989,0.9601,44709,0,5,0.7931,0,187381,PERSONAL,0.0,77884,0.7313,0.7167,APPROVED,187381,0.12
CUST-000017,26,SALARIED,GOVERNMENT,41923,30,OWNED,TIER_3,SINGLE,0,695,1,3,1,0.2846,28,2,83,4,42389,0.8905,11452,0,3,0.7616,8370,122737,PERSONAL,0.1997,33553,0.6946,0.6014,REJECTED,0,0.0
CUST-000018,37,PROFESSIONAL,N/A,26930,135,COMPANY,TIER_2,SINGLE,2,717,0,1,0,0.2676,0,1,15,1,26457,0.9644,17526,2,3,0.6348,0,221098,PERSONAL,0.0,26930,0.5852,0.6107,APPROVED,113106,0.155
CUST-000019,27,SALARIED,PRIVATE,51775,38,RENTED,TIER_1,MARRIED,2,676,1,2,1,0.4612,0,1,47,1,50309,0.9191,46881,0,5,0.8327,11801,142320,PERSONAL,0.2279,39974,0.7242,0.6064,REJECTED,0,0.0
CUST-000020,23,SALARIED,GOVERNMENT,51197,6,COMPANY,TIER_1,SINGLE,3,676,1,0,0,0.3636,0,0,63,1,49071,0.9174,45041,0,3,0.8392,10264,100328,PERSONAL,0.2005,40933,0.7377,0.6692,REJECTED,0,0.0
CUST-000021,46,PROFESSIONAL,N/A,35559,186,RENTED,TIER_3,MARRIED,2,684,1,4,1,0.2877,0,0,95,0,35988,0.9297,34782,0,2,0.8204,5486,356081,PERSONAL,0.1543,30073,0.6961,0.6504,REJECTED,0,0.0
CUST-000022,33,SELF_EMPLOYED,N/A,70477,99,COMPANY,TIER_3,MARRIED,1,707,0,4,0,0.5072,0,0,33,1,73169,0.9078,26030,0,3,0.7436,0,329184,PERSONAL,0.0,70477,0.7373,0.6034,APPROVED,296003,0.155
CUST-000023,35,SELF_EMPLOYED,N/A,126256,110,COMPANY,TIER_1,DIVORCED,3,713,2,3,2,0.1673,0,2,21,2,124379,0.9268,107674,0,1,0.8658,19739,136700,PERSONAL,0.1563,106517,0.8188,0.6937,APPROVED,136700,0.155
CUST-000024,23,SALARIED,PRIVATE,60786,6,OWNED,TIER_1,MARRIED,1,750,1,6,0,0.5738,0,2,65,3,61106,0.9444,25103,1,4,0.6158,9567,180721,PERSONAL,0.1574,51219,0.5418,0.614,APPROVED,180721,0.12
CUST-000025,30,SALARIED,MNC,59118,57,COMPANY,TIER_3,MARRIED,0,685,3,4,0,0.6267,0,0,51,0,59958,0.8762,48638,0,5,0.8431,31143,119226,PERSONAL,0.5268,27975,0.6956,0.5782,REJECTED,0,0.0
CUST-000026,35,SALARIED,PRIVATE,36074,99,OWNED,TIER_1,SINGLE,2,752,0,1,0,0.2559,0,0,42,0,35766,0.9758,16115,0,3,0.8723,0,63904,PERSONAL,0.0,36074,0.7753,0.6539,APPROVED,63904,0.12
CUST-000027,25,PROFESSIONAL,N/A,103148,16,RENTED,TIER_2,SINGLE,3,761,1,1,1,0.2944,0,1,58,2,107308,0.9099,71246,0,3,0.9243,3885,289884,PERSONAL,0.0377,99263,0.8336,0.6971,APPROVED,289884,0.12
CUST-000028,38,SALARIED,MNC,53171,103,RENTED,TIER_3,MARRIED,1,709,4,1,0,0.1635,0,0,68,1,52441,0.8942,58954,0,1,0.786,15771,100661,PERSONAL,0.2966,37400,0.5932,0.704,APPROVED,100661,0.155
CUST-000029,30,SALARIED,PRIVATE,42385,73,OWNED,TIER_1,SINGLE,1,690,1,3,0,0.5011,0,1,65,0,40795,0.9486,36934,0,2,0.8001,10167,283554,PERSONAL,0.2399,32218,0.6395,0.6207,REJECTED,0,0.0
CUST-000030,32,SALARIED,MNC,56599,95,RENTED,TIER_2,MARRIED,0,739,0,1,0,0.5938,9,1,55,1,54584,0.9376,23482,0,2,0.8047,19928,212565,PERSONAL,0.3521,36671,0.7466,0.6542,APPROVED,212565,0.135
CUST-000031,30,SELF_EMPLOYED,N/A,68014,45,OWNED,TIER_1,MARRIED,0,723,1,3,1,0.2675,0,0,79,2,70672,0.9403,25876,0,6,0.8,3526,173159,PERSONAL,0.0518,64488,0.7061,0.6784,APPROVED,173159,0.135
CUST-000032,49,SALARIED,PRIVATE,58555,230,COMPANY,TIER_1,MARRIED,1,747,1,2,1,0.4387,19,0,52,1,61412,0.9534,47926,0,5,0.8687,6611,146962,PERSONAL,0.1129,51944,0.6343,0.6346,APPROVED,146962,0.135
CUST-000033,34,SALARIED,GOVERNMENT,94642,94,RENTED,TIER_3,SINGLE,2,821,2,2,2,0.3199,0,5,49,1,92644,0.9278,96260,0,4,0.8553,20757,213013,PERSONAL,0.2193,73885,0.8213,0.7739,APPROVED,213013,0.12
CUST-000034,26,SALARIED,MNC,65373,46,OWNED,TIER_2,MARRIED,0,738,2,2,2,0.1931,0,3,65,1,63043,0.8583,46581,0,6,0.7755,8278,94201,PERSONAL,0.1266,57095,0.7465,0.7217,APPROVED,94201,0.135
CUST-000035,41,SALARIED,PRIVATE,48402,152,COMPANY,TIER_3,DIVORCED,3,699,3,1,1,0.2724,11,2,17,0,48315,0.8789,23670,0,4,0.7832,27139,292318,PERSONAL,0.55,21263,0.6677,0.6232,REJECTED,0,0.0
CUST-000036,25,SALARIED,MNC,65882,25,COMPANY,TIER_2,SINGLE,2,686,3,4,1,0.3133,0,1,62,2,67262,0.9217,40196,0,1,0.8537,24719,161134,PERSONAL,0.3752,41163,0.7953,0.6035,REJECTED,0,0.0
CUST-000037,36,SALARIED,GOVERNMENT,68866,116,COMPANY,TIER_1,DIVORCED,2,688,2,3,2,0.5178,0,6,40,0,69640,0.8717,49122,0,6,0.7339,7975,316761,PERSONAL,0.1158,60891,0.6753,0.5645,REJECTED,0,0.0
CUST-000038,22,SALARIED,PRIVATE,30690,6,OWNED,TIER_1,MARRIED,3,654,1,1,1,0.5828,0,2,16,0,32074,0.831,17766,3,2,0.4665,6157,141101,PERSONAL,0.2006,24533,0.5449,0.5225,REJECTED,0,0.0
CUST-000039,24,SALARIED,PRIVATE,92256,30,COMPANY,TIER_1,DIVORCED,0,786,3,0,2,0.4253,0,6,58,1,95187,0.8673,38291,0,2,0.8087,11257,161077,PERSONAL,0.122,80999,0.7405,0.6806,APPROVED,161077,0.12
CUST-000040,36,SALARIED,GOVERNMENT,48034,98,OWNED,TIER_1,MARRIED,1,612,1,4,1,0.1324,0,1,37,0,49806,0.8923,44105,0,3,0.7603,10613,171157,PERSONAL,0.2209,37421,0.6166,0.5534,REJECTED,0,0.0
CUST-000041,40,SALARIED,PRIVATE,48590,139,RENTED,TIER_1,MARRIED,2,761,1,1,1,0.5162,0,0,9,3,48792,0.8867,61800,0,5,0.6525,10776,200063,PERSONAL,0.2218,37814,0.6719,0.6559,APPROVED,200063,0.12
CUST-000042,36,SALARIED,PRIVATE,77126,118,OWNED,TIER_1,MARRIED,3,687,1,1,0,0.5667,0,0,27,1,75793,0.9652,81878,0,3,0.915,9800,370951,PERSONAL,0.1271,67326,0.8006,0.5159,REJECTED,0,0.0
CUST-000043,34,SALARIED,PRIVATE,76980,89,OWNED,TIER_2,MARRIED,2,706,1,5,0,0.1425,0,2,88,1,78532,0.8867,19380,0,3,0.7776,5182,120494,PERSONAL,0.0673,71798,0.7132,0.7647,APPROVED,120494,0.155
CUST-000044,32,SALARIED,GOVERNMENT,40123,89,RENTED,TIER_2,SINGLE,1,685,1,2,1,0.1407,18,2,34,1,39878,0.9355,38226,0,1,0.7654,7709,140707,PERSONAL,0.1921,32414,0.7134,0.5949,REJECTED,0,0.0
CUST-000045,23,SALARIED,PRIVATE,78936,24,OWNED,TIER_2,MARRIED,3,814,0,1,0,0.3695,0,1,55,0,77260,0.9698,59685,0,2,0.8748,0,148564,PERSONAL,0.0,78936,0.7042,0.7472,APPROVED,148564,0.12
CUST-000046,29,SALARIED,MNC,42739,68,OWNED,TIER_2,MARRIED,0,735,3,4,1,0.51,0,1,21,0,41252,0.8977,19714,0,3,0.782,16594,50000,PERSONAL,0.3883,26145,0.7214,0.6418,APPROVED,50000,0.135
CUST-000047,31,SALARIED,MNC,124728,48,RENTED,TIER_1,SINGLE,3,778,3,3,1,0.4492,19,3,98,0,125075,0.9384,34138,0,1,0.7435,22932,113656,PERSONAL,0.1839,101796,0.7872,0.6772,APPROVED,113656,0.12
CUST-000048,43,PROFESSIONAL,N/A,37888,169,OWNED,TIER_1,MARRIED,4,806,3,7,0,0.1515,0,1,49,1,38245,0.9143,21722,0,1,0.8214,28845,117414,PERSONAL,0.55,9043,0.6746,0.7724,REJECTED,0,0.0
CUST-000049,37,SALARIED,MNC,61258,132,OWNED,TIER_2,SINGLE,0,743,2,2,1,0.307,0,1,31,3,61679,0.9576,42510,0,4,0.8246,7703,500000,PERSONAL,0.1257,53555,0.7466,0.6464,APPROVED,257283,0.135
CUST-000050,22,SELF_EMPLOYED,N/A,38683,6,OWNED,TIER_2,MARRIED,2,669,1,3,1,0.2259,0,1,69,1,37199,0.8835,14907,0,2,0.7537,5670,170693,PERSONAL,0.1466,33013,0.6442,0.634,REJECTED,0,0.0
CUST-000051,37,SALARIED,GOVERNMENT,149537,128,RENTED,TIER_1,SINGLE,0,722,1,1,1,0.1588,0,1,97,1,150583,0.9535,146880,0,4,0.7967,11339,191977,PERSONAL,0.0758,138198,0.8654,0.6759,APPROVED,191977,0.135
CUST-000052,31,SALARIED,PRIVATE,31510,80,RENTED,TIER_3,SINGLE,1,694,1,1,0,0.3046,0,0,38,1,30465,0.9668,30651,0,4,0.7874,11122,71973,PERSONAL,0.353,20388,0.7041,0.651,REJECTED,0,0.0
CUST-000053,29,SELF_EMPLOYED,N/A,69637,41,RENTED,TIER_3,MARRIED,1,707,2,4,0,0.5618,0,3,31,1,70777,0.8336,50382,0,1,0.823,22899,145368,PERSONAL,0.3288,46738,0.7536,0.6577,APPROVED,145368,0.155
CUST-000054,39,SALARIED,MNC,39512,146,COMPANY,TIER_2,MARRIED,2,729,0,2,0,0.4056,20,2,103,0,39232,0.9146,13689,0,3,0.7293,0,239531,PERSONAL,0.0,39512,0.6533,0.6367,APPROVED,165950,0.135
CUST-000055,43,SALARIED,PRIVATE,46898,171,RENTED,TIER_1,MARRIED,3,727,0,0,0,0.096,24,2,45,2,48533,0.9123,25338,0,3,0.7608,17334,500000,PERSONAL,0.3696,29564,0.7223,0.723,APPROVED,196971,0.135
CUST-000056,42,SALARIED,PRIVATE,67452,167,OWNED,TIER_3,SINGLE,2,757,2,0,0,0.1112,30,2,42,4,69328,0.8993,54058,0,1,0.8149,11184,106536,PERSONAL,0.1658,56268,0.7819,0.7863,APPROVED,106536,0.12
CUST-000057,28,SALARIED,PRIVATE,95430,36,RENTED,TIER_2,MARRIED,1,765,0,2,0,0.2771,0,1,6,2,97571,0.9303,74489,0,3,0.8911,0,60512,PERSONAL,0.0,95430,0.8566,0.7043,APPROVED,60512,0.12
CUST-000058,32,PROFESSIONAL,N/A,114189,81,RENTED,TIER_3,MARRIED,3,727,4,4,0,0.3453,0,4,47,1,116481,0.9368,51801,0,2,0.8104,17735,101794,PERSONAL,0.1553,96454,0.7637,0.6823,APPROVED,101794,0.135
CUST-000059,37,SELF_EMPLOYED,N/A,27541,99,OWNED,TIER_3,MARRIED,4,757,0,5,0,0.369,0,4,15,1,27707,0.8353,13248,0,5,0.8041,0,101999,PERSONAL,0.0,27541,0.7171,0.6675,APPROVED,101999,0.12
CUST-000060,42,PROFESSIONAL,N/A,62042,132,OWNED,TIER_3,MARRIED,0,704,0,2,0,0.3023,0,0,34,1,59319,0.8375,27856,0,5,0.7788,24496,102477,PERSONAL,0.3948,37546,0.7707,0.6822,APPROVED,102477,0.155
CUST-000061,31,SALARIED,PRIVATE,106070,73,RENTED,TIER_2,MARRIED,4,807,1,2,1,0.1167,0,2,6,1,107719,0.8908,56833,0,6,0.8394,6902,236131,PERSONAL,0.0651,99168,0.7767,0.7623,APPROVED,236131,0.12
CUST-000062,33,SELF_EMPLOYED,N/A,25763,101,RENTED,TIER_1,SINGLE,0,703,1,3,1,0.0677,0,0,77,1,25677,0.947,12723,0,3,0.9057,9328,178043,PERSONAL,0.3621,16435,0.7741,0.6965,APPROVED,108204,0.155
CUST-000063,26,PROFESSIONAL,N/A,63358,35,RENTED,TIER_2,MARRIED,3,800,4,4,1,0.1358,10,1,12,0,63165,0.9414,29090,0,2,0.7835,35440,85321,PERSONAL,0.55,27918,0.7244,0.8111,REJECTED,0,0.0
CUST-000064,25,SALARIED,MNC,54948,23,OWNED,TIER_2,MARRIED,1,653,1,1,0,0.2461,0,1,6,3,54283,0.9513,31203,0,1,0.8145,9594,304520,PERSONAL,0.1746,45354,0.6785,0.5361,REJECTED,0,0.0
CUST-000065,41,SALARIED,GOVERNMENT,66279,149,OWNED,TIER_2,SINGLE,0,714,1,2,0,0.6037,0,6,26,1,69122,0.9321,40408,0,2,0.8188,4125,386508,PERSONAL,0.0622,62154,0.7054,0.5741,APPROVED,278371,0.155
CUST-000066,45,SELF_EMPLOYED,N/A,38853,172,RENTED,TIER_1,SINGLE,1,716,2,2,1,0.2643,71,6,77,1,37879,0.9122,36009,0,1,0.8465,10985,63951,PERSONAL,0.2827,27868,0.6544,0.6257,APPROVED,63951,0.155
CUST-000067,34,SALARIED,PRIVATE,28826,93,RENTED,TIER_1,MARRIED,2,750,1,4,0,0.1144,0,0,37,1,28297,0.8599,10000,0,3,0.7819,4991,270280,PERSONAL,0.1731,23835,0.6765,0.7594,APPROVED,121069,0.12
CUST-000068,43,SELF_EMPLOYED,N/A,25000,173,RENTED,TIER_3,MARRIED,1,782,5,2,1,0.4624,0,2,40,0,26157,0.9516,24428,0,4,0.8071,32093,137768,PERSONAL,0.55,-7093,0.6761,0.6543,REJECTED,0,0.0
CUST-000069,37,SALARIED,PRIVATE,85345,114,COMPANY,TIER_2,MARRIED,0,666,3,2,1,0.4634,0,2,59,2,87992,0.9089,37975,0,4,0.7946,29613,93656,PERSONAL,0.347,55732,0.7546,0.5788,REJECTED,0,0.0
CUST-000070,29,SELF_EMPLOYED,N/A,90391,65,COMPANY,TIER_3,DIVORCED,2,674,4,2,2,0.2376,0,1,44,2,85998,0.9114,114150,0,1,0.95,37693,72460,PERSONAL,0.417,52698,0.8617,0.6381,REJECTED,0,0.0
CUST-000071,37,SALARIED,MNC,63025,122,RENTED,TIER_3,MARRIED,3,657,2,2,1,0.2886,2,0,77,3,65584,0.8354,49500,0,1,0.8056,17925,119610,PERSONAL,0.2844,45100,0.7248,0.5883,REJECTED,0,0.0
CUST-000072,47,SALARIED,PRIVATE,43248,203,OWNED,TIER_2,DIVORCED,1,807,1,3,1,0.225,0,5,42,1,42065,0.9421,32299,0,5,0.7244,16663,115550,PERSONAL,0.3853,26585,0.6637,0.8171,APPROVED,115550,0.12
CUST-000073,34,SALARIED,PRIVATE,26495,106,RENTED,TIER_2,SINGLE,0,751,1,1,1,0.2627,0,3,42,1,27040,0.9096,15249,0,3,0.7819,4279,161480,PERSONAL,0.1615,22216,0.6674,0.6181,APPROVED,111279,0.12
CUST-000074,47,SELF_EMPLOYED,N/A,70869,193,RENTED,TIER_3,MARRIED,1,675,2,3,1,0.5857,0,1,102,1,71245,0.9117,97049,0,0,0.8427,10019,438630,PERSONAL,0.1414,60850,0.6732,0.5823,REJECTED,0,0.0
CUST-000075,22,SALARIED,PRIVATE,33514,7,OWNED,TIER_2,MARRIED,0,710,1,2,1,0.2388,0,2,49,0,33637,0.8204,19863,0,8,0.7687,12236,116358,PERSONAL,0.3651,21278,0.7061,0.6436,APPROVED,116358,0.155
CUST-000076,41,SALARIED,MNC,39934,147,COMPANY,TIER_2,MARRIED,3,799,2,2,2,0.1533,0,2,53,1,40804,0.8422,43863,0,2,0.8042,14066,74243,PERSONAL,0.3522,25868,0.6925,0.7073,APPROVED,74243,0.12
CUST-000077,35,SALARIED,GOVERNMENT,42240,108,COMPANY,TIER_1,MARRIED,3,719,2,4,0,0.3039,0,0,42,1,41003,0.8137,20140,0,5,0.7822,15959,127172,PERSONAL,0.3778,26281,0.6967,0.6083,APPROVED,127172,0.155
CUST-000078,32,SELF_EMPLOYED,N/A,50321,72,OWNED,TIER_2,MARRIED,2,716,1,1,1,0.2767,0,4,6,0,48605,0.8992,40214,0,3,0.8351,3676,252557,PERSONAL,0.0731,46645,0.7132,0.7148,APPROVED,211348,0.155
CUST-000079,35,SALARIED,PRIVATE,39086,93,RENTED,TIER_2,SINGLE,1,692,1,4,0,0.1664,0,6,68,0,39679,0.9414,50109,0,2,0.8595,9750,132528,PERSONAL,0.2494,29336,0.722,0.666,REJECTED,0,0.0
CUST-000080,22,SELF_EMPLOYED,N/A,55834,6,OWNED,TIER_1,DIVORCED,2,678,1,2,0,0.1276,0,0,87,1,54664,0.9065,23863,3,7,0.5409,21872,207757,PERSONAL,0.3917,33962,0.5721,0.6623,REJECTED,0,0.0
CUST-000081,33,SALARIED,PRIVATE,41575,65,RENTED,TIER_1,SINGLE,2,800,3,2,0,0.4644,0,2,78,2,43545,0.9044,30361,0,0,0.7331,24505,163307,PERSONAL,0.55,17070,0.6755,0.7604,REJECTED,0,0.0
CUST-000082,37,SALARIED,GOVERNMENT,75410,116,OWNED,TIER_1,SINGLE,3,827,1,1,0,0.2729,0,0,34,2,75044,0.871,34109,0,3,0.7713,3807,154658,PERSONAL,0.0505,71603,0.7034,0.728,APPROVED,154658,0.12
CUST-000083,46,SALARIED,GOVERNMENT,87471,172,RENTED,TIER_1,MARRIED,2,680,2,2,0,0.2048,9,5,43,1,84073,0.8703,62324,0,4,0.8184,22021,331705,PERSONAL,0.2518,65450,0.7592,0.6308,REJECTED,0,0.0
CUST-000084,30,SALARIED,PRIVATE,57753,73,OWNED,TIER_1,MARRIED,2,812,3,3,2,0.3492,6,1,56,2,58826,0.9302,73917,0,4,0.8558,35072,92440,PERSONAL,0.55,22681,0.6964,0.7972,REJECTED,0,0.0
CUST-000085,28,SELF_EMPLOYED,N/A,67729,60,RENTED,TIER_2,MARRIED,2,708,1,2,1,0.6551,0,0,55,1,66416,0.9637,27975,0,4,0.7771,25091,89148,PERSONAL,0.3705,42638,0.74,0.57,APPROVED,89148,0.155
CUST-000086,30,SALARIED,MNC,142646,53,RENTED,TIER_3,SINGLE,1,764,0,1,0,0.2998,19,2,64,0,137633,0.9181,91098,1,8,0.6808,0,95224,PERSONAL,0.0,142646,0.7736,0.7592,APPROVED,95224,0.12
CUST-000087,42,SALARIED,PRIVATE,32448,165,COMPANY,TIER_2,DIVORCED,4,812,3,1,0,0.2329,0,2,52,2,32197,0.9351,13943,0,4,0.7599,31732,178269,PERSONAL,0.55,716,0.6227,0.7462,REJECTED,0,0.0
CUST-000088,37,SELF_EMPLOYED,N/A,31572,130,RENTED,TIER_1,SINGLE,1,727,2,4,2,0.3018,0,1,39,2,33037,0.9248,17988,0,2,0.8547,15717,154061,PERSONAL,0.4978,15855,0.7445,0.6662,REJECTED,0,0.0
CUST-000089,30,SALARIED,PRIVATE,75194,74,OWNED,TIER_1,MARRIED,2,716,1,2,1,0.2904,0,2,51,4,74528,0.9213,57843,0,1,0.7223,5909,213941,PERSONAL,0.0786,69285,0.6896,0.666,APPROVED,213941,0.155
CUST-000090,39,SALARIED,MNC,132062,138,RENTED,TIER_2,MARRIED,0,779,2,0,0,0.391,0,1,71,0,130045,0.858,70328,2,2,0.5199,14614,144403,PERSONAL,0.1107,117448,0.69,0.7387,APPROVED,144403,0.12
CUST-000091,35,PROFESSIONAL,N/A,48916,112,RENTED,TIER_1,SINGLE,2,673,0,4,0,0.4235,0,1,117,0,48644,0.8933,55083,0,0,0.8452,18630,136024,PERSONAL,0.3809,30286,0.7551,0.5685,REJECTED,0,0.0
CUST-000092,42,SALARIED,PRIVATE,119630,152,RENTED,TIER_3,MARRIED,2,798,0,1,0,0.1601,0,1,36,2,113793,0.7627,87087,0,4,0.7924,0,176834,PERSONAL,0.0,119630,0.8284,0.8058,APPROVED,176834,0.12
CUST-000093,29,SALARIED,GOVERNMENT,57439,56,RENTED,TIER_2,SINGLE,0,742,0,2,0,0.6028,90,3,53,0,55331,0.854,20298,0,3,0.6946,22688,350326,PERSONAL,0.395,34751,0.6616,0.6507,APPROVED,241243,0.135
CUST-000094,32,PROFESSIONAL,N/A,40485,74,COMPANY,TIER_3,SINGLE,0,703,2,3,2,0.3514,5,2,39,0,41900,0.958,27605,0,1,0.8528,19389,83888,PERSONAL,0.4789,21096,0.7206,0.5602,REJECTED,0,0.0
CUST-000095,31,SALARIED,PRIVATE,35216,63,RENTED,TIER_1,SINGLE,2,701,0,3,0,0.423,0,2,55,1,36899,0.8558,37906,0,3,0.8196,0,94685,PERSONAL,0.0,35216,0.7258,0.6862,APPROVED,94685,0.155
CUST-000096,23,SALARIED,PRIVATE,73008,8,COMPANY,TIER_2,MARRIED,2,658,2,2,0,0.4601,0,0,71,0,70510,0.8954,54418,1,6,0.7317,16540,153114,PERSONAL,0.2266,56468,0.7615,0.5187,REJECTED,0,0.0
CUST-000097,37,SALARIED,MNC,36437,124,OWNED,TIER_1,MARRIED,1,705,1,2,0,0.2156,0,1,43,0,36566,0.9233,24265,3,4,0.5139,9198,414416,PERSONAL,0.2524,27239,0.5965,0.7253,APPROVED,153035,0.155
CUST-000098,37,SELF_EMPLOYED,N/A,57048,133,RENTED,TIER_3,MARRIED,0,720,1,3,0,0.4468,0,5,6,0,59708,0.9694,30388,0,1,0.8387,4261,87777,PERSONAL,0.0747,52787,0.7491,0.625,APPROVED,87777,0.135
CUST-000099,35,SALARIED,PRIVATE,112156,107,OWNED,TIER_2,MARRIED,2,676,3,4,1,0.1693,0,2,72,2,108304,0.9224,64731,0,1,0.8286,18677,149252,PERSONAL,0.1665,93479,0.7531,0.6079,REJECTED,0,0.0
CUST-000100,33,SALARIED,MNC,47907,95,OWNED,TIER_1,MARRIED,0,732,1,5,1,0.1023,0,6,51,0,46404,0.8496,28869,0,3,0.8086,11149,96731,PERSONAL,0.2327,36758,0.6487,0.713,APPROVED,96731,0.135
CUST-000101,23,SELF_EMPLOYED,N/A,99348,15,OWNED,TIER_1,SINGLE,1,761,1,2,1,0.1947,0,3,39,1,103588,0.8279,22408,3,3,0.4718,8104,183043,PERSONAL,0.0816,91244,0.6723,0.689,APPROVED,183043,0.12
CUST-000102,31,SELF_EMPLOYED,N/A,31842,104,RENTED,TIER_1,SINGLE,0,723,0,2,0,0.1462,18,0,34,4,32496,0.848,22998,3,7,0.4862,0,53437,PERSONAL,0.0,31842,0.5457,0.6045,APPROVED,53437,0.135
CUST-000103,32,SALARIED,PRIVATE,43253,58,RENTED,TIER_2,MARRIED,0,771,4,1,2,0.2197,0,2,55,1,41747,0.9475,38664,0,5,0.825,16420,89348,PERSONAL,0.3796,26833,0.6726,0.7205,APPROVED,89348,0.12
CUST-000104,28,SALARIED,PRIVATE,29198,39,COMPANY,TIER_1,MARRIED,0,690,0,3,0,0.4352,0,1,31,0,28887,0.9156,12988,0,7,0.8084,0,284236,PERSONAL,0.0,29198,0.7134,0.6131,REJECTED,0,0.0
CUST-000105,33,SALARIED,PRIVATE,56836,105,COMPANY,TIER_2,MARRIED,1,790,4,2,0,0.2932,0,2,34,0,54314,0.8714,37424,0,3,0.8356,31716,150700,PERSONAL,0.55,25120,0.7229,0.7975,REJECTED,0,0.0
CUST-000106,38,SELF_EMPLOYED,N/A,78129,123,COMPANY,TIER_1,MARRIED,0,741,1,3,1,0.0785,0,0,18,1,77602,0.9265,53999,0,2,0.9107,6009,103333,PERSONAL,0.0769,72120,0.7886,0.6634,APPROVED,103333,0.135
CUST-000107,50,SALARIED,GOVERNMENT,56892,234,RENTED,TIER_2,SINGLE,1,819,2,3,1,0.5608,8,3,31,0,58473,0.9353,47202,0,4,0.8485,17347,146603,PERSONAL,0.3049,39545,0.6821,0.7529,APPROVED,146603,0.12
CUST-000108,36,SALARIED,PRIVATE,95536,114,OWNED,TIER_3,MARRIED,1,850,1,1,0,0.2402,0,1,63,2,96051,0.9745,57605,1,2,0.7414,3618,145327,PERSONAL,0.0379,91918,0.7037,0.8098,APPROVED,145327,0.12
CUST-000109,37,SELF_EMPLOYED,N/A,39259,145,OWNED,TIER_3,MARRIED,1,709,1,2,0,0.281,65,4,14,1,39837,0.7975,29230,0,6,0.8373,4306,198549,PERSONAL,0.1097,34953,0.7746,0.6447,APPROVED,164887,0.155
CUST-000110,34,SELF_EMPLOYED,N/A,60869,82,OWNED,TIER_3,MARRIED,1,711,1,1,0,0.4328,51,2,75,1,59814,0.9639,22948,0,3,0.8278,7916,53130,PERSONAL,0.13,52953,0.7044,0.6618,APPROVED,53130,0.155
CUST-000111,22,SALARIED,MNC,43378,14,RENTED,TIER_1,SINGLE,3,721,1,4,1,0.6846,0,2,19,1,41909,0.9466,17347,3,1,0.451,16895,89326,PERSONAL,0.3895,26483,0.5707,0.5763,APPROVED,89326,0.135
CUST-000112,34,SELF_EMPLOYED,N/A,64721,116,OWNED,TIER_1,SINGLE,0,767,1,0,0,0.2267,0,1,51,1,61569,0.8874,46141,0,2,0.7652,10928,93055,PERSONAL,0.1688,53793,0.7227,0.7259,APPROVED,93055,0.12
CUST-000113,35,SALARIED,PRIVATE,68993,91,RENTED,TIER_2,MARRIED,1,807,1,3,1,0.547,4,1,59,0,71209,0.9095,37763,0,6,0.8917,4279,205479,PERSONAL,0.062,64714,0.7196,0.7614,APPROVED,205479,0.12
CUST-000114,54,SELF_EMPLOYED,N/A,71479,240,RENTED,TIER_1,MARRIED,0,699,0,2,0,0.2224,46,0,67,0,72455,0.9408,22789,0,4,0.7625,25710,149527,PERSONAL,0.3597,45769,0.7741,0.6817,REJECTED,0,0.0
CUST-000115,33,SALARIED,MNC,33972,76,COMPANY,TIER_2,SINGLE,0,755,3,1,1,0.4596,0,5,67,0,33052,0.9265,23422,0,3,0.8409,19562,308257,PERSONAL,0.55,14410,0.7049,0.6214,REJECTED,0,0.0
CUST-000116,37,SALARIED,PRIVATE,36853,120,RENTED,TIER_1,DIVORCED,2,727,1,2,1,0.4003,0,5,45,2,36552,0.8976,13279,0,4,0.7378,6598,227058,PERSONAL,0.179,30255,0.6623,0.6219,APPROVED,154782,0.135
CUST-000117,34,SELF_EMPLOYED,N/A,40061,92,RENTED,TIER_1,MARRIED,2,768,0,3,0,0.2317,0,2,43,3,41268,0.8405,70854,0,3,0.9048,0,126176,PERSONAL,0.0,40061,0.7766,0.7138,APPROVED,126176,0.12
CUST-000118,25,SALARIED,MNC,49394,6,RENTED,TIER_1,SINGLE,3,818,3,0,1,0.3631,0,1,62,1,49585,0.8982,12410,0,4,0.759,22485,146329,PERSONAL,0.4552,26909,0.73,0.7908,REJECTED,0,0.0
CUST-000119,44,SALARIED,MNC,57200,181,COMPANY,TIER_3,DIVORCED,2,721,1,6,1,0.5391,0,4,54,1,56056,0.9388,35050,0,2,0.8164,9530,286453,PERSONAL,0.1666,47670,0.8012,0.6086,APPROVED,240239,0.135
CUST-000120,41,SELF_EMPLOYED,N/A,75639,153,OWNED,TIER_1,DIVORCED,4,643,2,1,2,0.4289,20,1,39,1,73878,0.9102,29040,3,7,0.4809,15093,307121,PERSONAL,0.1995,60546,0.6087,0.5475,REJECTED,0,0.0
CUST-000121,41,SELF_EMPLOYED,N/A,37550,169,RENTED,TIER_2,SINGLE,0,775,1,2,1,0.4384,0,4,56,4,36489,0.9613,32498,0,3,0.8569,14519,142992,PERSONAL,0.3867,23031,0.802,0.7467,APPROVED,142992,0.12
CUST-000122,27,SALARIED,MNC,26759,47,OWNED,TIER_1,SINGLE,0,689,2,3,0,0.3179,0,1,43,3,27625,0.9427,13665,0,4,0.8169,19692,91662,PERSONAL,0.55,7067,0.7138,0.6009,REJECTED,0,0.0
CUST-000123,46,SALARIED,MNC,145099,219,OWNED,TIER_2,MARRIED,0,727,1,3,0,0.261,0,1,33,2,146286,0.9105,130545,0,6,0.8636,8465,52468,PERSONAL,0.0583,136634,0.9071,0.7263,APPROVED,52468,0.135
CUST-000124,23,SALARIED,MNC,33055,9,RENTED,TIER_1,SINGLE,0,778,2,4,0,0.4309,0,0,38,0,33746,0.8563,26958,0,4,0.8304,17081,52461,PERSONAL,0.5167,15974,0.7393,0.6371,REJECTED,0,0.0
CUST-000125,39,SALARIED,GOVERNMENT,80132,134,OWNED,TIER_3,MARRIED,1,751,4,2,1,0.5108,0,4,59,2,83017,0.9284,31366,0,2,0.8122,40000,189933,PERSONAL,0.4992,40132,0.7216,0.6422,REJECTED,0,0.0
CUST-000126,52,SALARIED,PRIVATE,55779,237,OWNED,TIER_3,SINGLE,2,729,0,1,0,0.0882,7,1,25,0,58494,0.9463,25019,0,6,0.8389,20922,188035,PERSONAL,0.3751,34857,0.6954,0.641,APPROVED,188035,0.135
CUST-000127,27,SALARIED,PRIVATE,61585,34,OWNED,TIER_1,MARRIED,0,703,1,3,0,0.2443,0,2,74,1,60042,0.949,32194,0,2,0.8458,6390,107011,PERSONAL,0.1038,55195,0.6657,0.6465,APPROVED,107011,0.155
CUST-000128,30,PROFESSIONAL,N/A,54961,37,RENTED,TIER_3,SINGLE,3,575,0,3,0,0.4457,0,1,34,1,53207,0.9813,32097,0,3,0.8037,0,287544,PERSONAL,0.0,54961,0.6351,0.4924,REJECTED,0,0.0
CUST-000129,35,SALARIED,MNC,46254,101,COMPANY,TIER_3,SINGLE,3,773,0,5,0,0.2405,0,0,6,2,46078,0.9415,25655,0,2,0.7865,17914,135255,PERSONAL,0.3873,28340,0.6751,0.7176,APPROVED,135255,0.12
CUST-000130,30,SALARIED,GOVERNMENT,67770,39,OWNED,TIER_3,MARRIED,1,721,2,2,0,0.3781,0,1,61,2,64619,0.9096,54409,0,4,0.8906,12458,111769,PERSONAL,0.1838,55312,0.8113,0.6238,APPROVED,111769,0.135
CUST-000131,22,SALARIED,MNC,45149,6,RENTED,TIER_3,SINGLE,0,818,0,1,0,0.2619,0,3,6,2,46466,0.9557,29746,0,6,0.855,0,269405,PERSONAL,0.0,45149,0.7023,0.719,APPROVED,189625,0.12
CUST-000132,35,PROFESSIONAL,N/A,92960,89,RENTED,TIER_1,MARRIED,0,756,1,1,1,0.3095,0,2,23,1,96527,0.9483,43653,0,2,0.8282,10517,252122,PERSONAL,0.1131,82443,0.7405,0.7612,APPROVED,252122,0.12
CUST-000133,26,SALARIED,PRIVATE,71032,21,RENTED,TIER_2,SINGLE,0,705,0,1,0,0.1604,0,1,106,0,72353,0.8954,29586,0,2,0.7494,0,146179,PERSONAL,0.0,71032,0.7429,0.6559,APPROVED,146179,0.155
CUST-000134,38,SALARIED,PRIVATE,72034,119,RENTED,TIER_1,MARRIED,0,793,0,2,0,0.2677,0,2,73,0,70362,0.8208,31185,0,6,0.6785,26992,194299,PERSONAL,0.3747,45042,0.6568,0.7253,APPROVED,194299,0.12
CUST-000135,27,SALARIED,PRIVATE,43777,37,OWNED,TIER_1,MARRIED,1,798,3,2,0,0.6249,0,2,71,2,42127,0.8699,29972,0,2,0.7806,9513,206953,PERSONAL,0.2173,34264,0.7683,0.7581,APPROVED,183863,0.12
CUST-000136,47,SALARIED,GOVERNMENT,49450,200,RENTED,TIER_3,DIVORCED,0,722,3,4,0,0.4311,0,5,21,3,48867,0.8732,27464,0,1,0.7671,21541,445086,PERSONAL,0.4356,27909,0.686,0.6219,REJECTED,0,0.0
CUST-000137,28,SALARIED,PRIVATE,32225,61,RENTED,TIER_1,MARRIED,1,800,1,3,0,0.4729,14,2,43,2,33299,0.96,44435,0,6,0.8414,11111,140488,PERSONAL,0.3448,21114,0.74,0.6843,APPROVED,135345,0.12
CUST-000138,32,SELF_EMPLOYED,N/A,46921,73,OWNED,TIER_2,SINGLE,4,704,3,3,0,0.5004,0,0,77,1,46206,0.8976,28149,0,4,0.8419,15056,83154,PERSONAL,0.3209,31865,0.7117,0.5762,APPROVED,83154,0.155
CUST-000139,41,PROFESSIONAL,N/A,34497,157,RENTED,TIER_3,MARRIED,2,743,1,2,1,0.1861,0,1,63,0,32890,0.8772,22321,0,4,0.8719,3283,205074,PERSONAL,0.0952,31214,0.717,0.663,APPROVED,144887,0.135
CUST-000140,25,SALARIED,PRIVATE,99306,56,COMPANY,TIER_3,MARRIED,3,766,5,1,1,0.6578,0,5,75,1,97064,0.8884,28990,0,2,0.8366,34503,154739,PERSONAL,0.3474,64803,0.8228,0.6107,APPROVED,154739,0.12
CUST-000141,36,SALARIED,PRIVATE,56265,116,RENTED,TIER_3,MARRIED,0,778,1,2,0,0.4122,0,1,90,1,59021,0.9285,19767,0,1,0.7658,9339,158664,PERSONAL,0.166,46926,0.713,0.6764,APPROVED,158664,0.12
CUST-000142,45,PROFESSIONAL,N/A,59385,181,RENTED,TIER_1,SINGLE,1,769,3,2,0,0.0799,0,1,63,0,60434,0.9045,22752,0,4,0.8174,21270,147676,PERSONAL,0.3582,38115,0.7851,0.8401,APPROVED,147676,0.12
CUST-000143,22,SELF_EMPLOYED,N/A,49700,6,RENTED,TIER_1,MARRIED,2,716,1,3,0,0.3868,0,4,18,1,51692,0.9225,24094,0,5,0.7766,7139,67692,PERSONAL,0.1436,42561,0.6687,0.5897,APPROVED,67692,0.155
CUST-000144,36,SALARIED,PRIVATE,60114,109,RENTED,TIER_2,MARRIED,0,795,2,0,2,0.2791,0,0,62,2,61766,0.9015,19935,2,5,0.495,18056,170942,PERSONAL,0.3004,42058,0.5614,0.6843,APPROVED,170942,0.12
CUST-000145,37,SALARIED,PRIVATE,166755,109,RENTED,TIER_1,MARRIED,0,728,1,0,1,0.4971,0,0,42,1,167417,0.9236,63037,0,2,0.7922,40000,125343,PERSONAL,0.2399,126755,0.7693,0.6442,APPROVED,125343,0.135
CUST-000146,41,SALARIED,PRIVATE,48051,155,OWNED,TIER_1,MARRIED,2,703,2,3,2,0.5702,19,3,17,2,46362,0.8664,37615,1,2,0.7621,19534,128522,PERSONAL,0.4065,28517,0.7433,0.5899,REJECTED,0,0.0
CUST-000147,25,SALARIED,MNC,41044,25,COMPANY,TIER_1,DIVORCED,2,704,0,2,0,0.3528,0,1,69,1,40422,0.8573,17459,1,3,0.6617,0,122921,PERSONAL,0.0,41044,0.686,0.6531,APPROVED,122921,0.155
CUST-000148,24,SELF_EMPLOYED,N/A,69804,6,RENTED,TIER_3,DIVORCED,1,841,2,3,0,0.2517,0,5,76,2,70388,0.8981,41200,0,7,0.8406,13123,147088,PERSONAL,0.188,56681,0.7348,0.7796,APPROVED,147088,0.12
CUST-000149,39,PROFESSIONAL,N/A,25000,135,OWNED,TIER_2,MARRIED,1,694,1,3,1,0.1297,0,1,45,1,25926,0.9437,19008,0,3,0.7878,8904,170862,PERSONAL,0.3562,16096,0.6877,0.6138,REJECTED,0,0.0
CUST-000150,37,PROFESSIONAL,N/A,56605,132,OWNED,TIER_1,SINGLE,1,806,1,4,1,0.3314,3,0,55,2,55295,0.9272,49596,0,5,0.8564,10455,147818,PERSONAL,0.1847,46150,0.7786,0.8159,APPROVED,147818,0.12
CUST-000151,37,SALARIED,PRIVATE,46528,115,OWNED,TIER_2,MARRIED,0,672,2,3,1,0.4667,20,0,6,1,44765,0.8949,31382,0,4,0.79,20247,267212,PERSONAL,0.4352,26281,0.6935,0.5079,REJECTED,0,0.0
CUST-000152,37,SALARIED,PRIVATE,35191,112,RENTED,TIER_1,SINGLE,1,761,1,2,0,0.1784,0,2,74,1,35398,0.8506,24314,0,2,0.8659,9495,218922,PERSONAL,0.2698,25696,0.6443,0.7338,APPROVED,147802,0.12
CUST-000153,29,PROFESSIONAL,N/A,69118,39,RENTED,TIER_1,SINGLE,0,751,2,5,2,0.3283,0,2,67,1,66882,0.9333,61307,0,0,0.8087,26160,144616,PERSONAL,0.3785,42958,0.6636,0.7129,APPROVED,144616,0.12
CUST-000154,36,SELF_EMPLOYED,N/A,56352,89,RENTED,TIER_3,DIVORCED,0,824,0,3,0,0.7445,0,0,54,0,56973,0.9671,39904,0,4,0.7984,0,89384,PERSONAL,0.0,56352,0.6715,0.7409,APPROVED,89384,0.12
CUST-000155,37,SALARIED,PRIVATE,25000,129,OWNED,TIER_2,MARRIED,4,699,0,4,0,0.1856,0,1,17,1,24408,0.9704,22696,0,0,0.9101,0,200517,PERSONAL,0.0,25000,0.7226,0.6339,REJECTED,0,0.0
CUST-000156,29,PROFESSIONAL,N/A,41115,53,OWNED,TIER_3,SINGLE,2,683,2,2,2,0.6055,0,5,8,0,40008,0.9459,10466,0,1,0.7676,21567,128147,PERSONAL,0.5246,19548,0.6494,0.5144,REJECTED,0,0.0
CUST-000157,49,SELF_EMPLOYED,N/A,25000,225,RENTED,TIER_1,MARRIED,2,728,1,5,1,0.2494,0,1,96,1,24747,0.7945,14506,0,1,0.778,10715,137725,PERSONAL,0.4286,14285,0.7136,0.7302,REJECTED,0,0.0
CUST-000158,38,SALARIED,PRIVATE,62759,146,RENTED,TIER_3,DIVORCED,1,826,1,3,0,0.2494,0,2,24,1,63343,0.9523,38503,0,6,0.7879,11564,77578,PERSONAL,0.1843,51195,0.668,0.7668,APPROVED,77578,0.12
CUST-000159,25,SALARIED,PRIVATE,62478,35,COMPANY,TIER_2,MARRIED,1,686,4,3,2,0.4111,30,1,51,2,62761,0.8978,35760,0,2,0.8442,14735,184457,PERSONAL,0.2358,47743,0.7106,0.6582,REJECTED,0,0.0
CUST-000160,40,SALARIED,PRIVATE,38488,137,OWNED,TIER_2,SINGLE,0,592,2,3,0,0.1301,64,2,24,0,37505,0.9695,24259,0,7,0.8872,15662,500000,PERSONAL,0.4069,22826,0.6531,0.5442,REJECTED,0,0.0
CUST-000161,27,SALARIED,GOVERNMENT,70132,41,COMPANY,TIER_2,SINGLE,0,738,1,4,0,0.3805,0,6,6,2,72874,0.9149,35738,0,4,0.7662,8838,116453,PERSONAL,0.126,61294,0.7019,0.6429,APPROVED,116453,0.135
CUST-000162,41,SALARIED,PRIVATE,30883,144,OWNED,TIER_3,SINGLE,0,787,1,3,1,0.164,0,2,58,1,29678,0.8288,25405,0,6,0.8171,9395,204780,PERSONAL,0.3042,21488,0.693,0.7676,APPROVED,129708,0.12
CUST-000163,44,SELF_EMPLOYED,N/A,35601,167,RENTED,TIER_2,MARRIED,2,679,1,2,1,0.1402,25,2,62,0,33961,0.9752,17241,0,5,0.8487,8794,279657,PERSONAL,0.247,26807,0.7523,0.6755,REJECTED,0,0.0
CUST-000164,28,SALARIED,GOVERNMENT,66358,52,OWNED,TIER_2,DIVORCED,2,781,2,4,0,0.6208,0,5,7,1,67039,0.9268,36493,0,1,0.8118,19860,115485,PERSONAL,0.2993,46498,0.7362,0.6797,APPROVED,115485,0.12
CUST-000165,42,SALARIED,MNC,40343,150,OWNED,TIER_3,MARRIED,1,678,1,3,1,0.2321,0,1,74,0,38823,0.9722,43129,0,4,0.9214,6235,50000,PERSONAL,0.1545,34108,0.7697,0.585,REJECTED,0,0.0
CUST-000166,38,SALARIED,MNC,53470,101,RENTED,TIER_3,SINGLE,1,726,3,2,1,0.3143,0,6,35,2,53496,0.9052,54058,0,3,0.898,13844,212382,PERSONAL,0.2589,39626,0.787,0.5867,APPROVED,212382,0.135
CUST-000167,41,SALARIED,PRIVATE,42678,141,OWNED,TIER_2,MARRIED,3,776,0,2,0,0.6855,0,0,22,1,44606,0.96,27273,0,5,0.7773,0,156067,PERSONAL,0.0,42678,0.708,0.6439,APPROVED,156067,0.12
CUST-000168,50,PROFESSIONAL,N/A,45714,220,OWNED,TIER_2,MARRIED,0,669,0,4,0,0.394,0,3,20,1,46621,0.9453,21259,0,1,0.8673,0,175265,PERSONAL,0.0,45714,0.6914,0.612,REJECTED,0,0.0
CUST-000169,33,SALARIED,PRIVATE,46622,106,RENTED,TIER_1,MARRIED,1,744,4,1,0,0.4864,0,2,68,1,47169,0.9009,14549,0,3,0.8112,24611,154174,PERSONAL,0.5279,22011,0.7248,0.613,REJECTED,0,0.0
CUST-000170,28,SALARIED,PRIVATE,40016,42,OWNED,TIER_1,MARRIED,1,801,2,2,0,0.3201,0,1,6,0,40315,0.9167,22780,0,5,0.8157,7651,267879,PERSONAL,0.1912,32365,0.7622,0.7721,APPROVED,168067,0.12
CUST-000171,27,SELF_EMPLOYED,N/A,63018,46,OWNED,TIER_2,MARRIED,2,761,2,3,2,0.4749,0,4,18,0,60998,0.8831,46333,0,3,0.7901,11786,142861,PERSONAL,0.187,51232,0.7074,0.6761,APPROVED,142861,0.12
CUST-000172,28,SALARIED,PRIVATE,41461,45,COMPANY,TIER_3,MARRIED,4,695,1,1,1,0.1583,0,2,58,0,41181,0.9042,18642,0,0,0.7196,8653,444112,PERSONAL,0.2087,32808,0.6929,0.6752,REJECTED,0,0.0
CUST-000173,34,SALARIED,MNC,55389,110,RENTED,TIER_3,MARRIED,0,818,3,1,1,0.3531,0,3,55,1,54516,0.886,33312,0,2,0.81,33150,212652,PERSONAL,0.55,22239,0.7394,0.6661,REJECTED,0,0.0
CUST-000174,37,SALARIED,PRIVATE,39622,133,RENTED,TIER_1,SINGLE,3,771,3,6,0,0.3427,10,1,23,0,41417,0.9436,20680,0,2,0.8246,31669,248732,PERSONAL,0.55,7953,0.6905,0.6496,REJECTED,0,0.0
CUST-000175,37,SALARIED,PRIVATE,27574,134,OWNED,TIER_2,SINGLE,3,632,2,1,0,0.2341,0,6,78,2,26863,0.8718,10000,0,3,0.8794,10548,150493,PERSONAL,0.3825,17026,0.7482,0.542,REJECTED,0,0.0
CUST-000176,41,SALARIED,GOVERNMENT,82924,131,RENTED,TIER_1,MARRIED,0,782,0,4,0,0.3643,0,6,21,0,82687,0.865,52141,0,4,0.7572,0,175222,PERSONAL,0.0,82924,0.7158,0.7907,APPROVED,175222,0.12
CUST-000177,35,SALARIED,GOVERNMENT,68863,106,OWNED,TIER_3,MARRIED,1,703,0,1,0,0.3412,0,2,42,1,71879,0.7744,49172,0,4,0.6877,0,64445,PERSONAL,0.0,68863,0.7089,0.5971,APPROVED,64445,0.155
CUST-000178,46,SALARIED,PRIVATE,154044,201,OWNED,TIER_3,MARRIED,1,745,0,1,0,0.2745,0,1,39,3,158498,0.742,98512,0,3,0.6956,0,112408,PERSONAL,0.0,154044,0.7814,0.6812,APPROVED,112408,0.135
CUST-000179,32,PROFESSIONAL,N/A,34382,84,RENTED,TIER_2,MARRIED,4,790,1,3,1,0.1146,0,1,39,2,35979,0.9172,39318,0,0,0.9119,7945,257099,PERSONAL,0.2311,26437,0.7316,0.8488,APPROVED,144404,0.12
CUST-000180,56,SALARIED,PRIVATE,50063,240,OWNED,TIER_3,SINGLE,0,704,0,5,0,0.421,0,1,43,2,50605,0.8707,26409,0,2,0.7652,0,145067,PERSONAL,0.0,50063,0.7338,0.6337,APPROVED,145067,0.155
CUST-000181,40,SALARIED,PRIVATE,51909,144,OWNED,TIER_2,SINGLE,2,644,2,2,0,0.2082,0,2,42,2,51046,0.9613,26526,0,2,0.8821,21133,85472,PERSONAL,0.4071,30776,0.6616,0.6128,REJECTED,0,0.0
CUST-000182,28,SALARIED,PRIVATE,85845,39,RENTED,TIER_2,MARRIED,1,817,0,3,0,0.2127,0,2,42,1,88649,0.8823,122523,0,9,0.8364,0,106541,PERSONAL,0.0,85845,0.7869,0.7539,APPROVED,106541,0.12
CUST-000183,26,SALARIED,PRIVATE,43778,11,COMPANY,TIER_1,MARRIED,2,799,4,4,1,0.23,0,2,43,1,42865,0.9431,15939,0,3,0.7524,40000,106111,PERSONAL,0.55,3778,0.7131,0.8032,REJECTED,0,0.0
CUST-000184,38,SALARIED,PRIVATE,32471,120,OWNED,TIER_2,MARRIED,1,730,0,1,0,0.4575,0,1,74,2,31382,0.946,15204,0,5,0.9073,0,147109,PERSONAL,0.0,32471,0.7031,0.6946,APPROVED,136378,0.135
CUST-000185,33,SALARIED,PRIVATE,94712,120,OWNED,TIER_2,SINGLE,2,781,0,0,0,0.5404,0,1,42,2,96665,0.9534,65654,0,3,0.8866,35479,98843,PERSONAL,0.3746,59233,0.7887,0.7085,APPROVED,98843,0.12
CUST-000186,40,PROFESSIONAL,N/A,47695,138,OWNED,TIER_2,DIVORCED,3,714,0,2,0,0.1997,0,1,64,2,48357,0.9803,44885,0,4,0.8322,0,305566,PERSONAL,0.0,47695,0.6782,0.6579,APPROVED,200319,0.155
CUST-000187,38,SALARIED,PRIVATE,81672,104,OWNED,TIER_1,MARRIED,3,740,2,2,1,0.3813,0,2,51,4,84766,0.9632,71223,0,2,0.8824,30700,166457,PERSONAL,0.3759,50972,0.7416,0.6868,APPROVED,166457,0.135
CUST-000188,34,SALARIED,PRIVATE,77503,104,COMPANY,TIER_3,MARRIED,3,727,0,1,0,0.1946,0,0,56,3,81083,0.9301,30677,0,0,0.805,0,74655,PERSONAL,0.0,77503,0.7526,0.6123,APPROVED,74655,0.135
CUST-000189,28,SALARIED,PRIVATE,54265,58,OWNED,TIER_1,SINGLE,0,716,2,1,0,0.2525,0,2,66,1,56203,0.962,62434,0,1,0.868,16338,323340,PERSONAL,0.3011,37927,0.8423,0.6993,APPROVED,227913,0.155
CUST-000190,22,PROFESSIONAL,N/A,50850,15,OWNED,TIER_2,DIVORCED,2,754,1,2,1,0.1148,0,1,20,1,48612,0.8678,36733,0,0,0.8846,4995,146605,PERSONAL,0.0982,45855,0.7657,0.6868,APPROVED,146605,0.12
CUST-000191,31,SALARIED,PRIVATE,46114,77,COMPANY,TIER_2,MARRIED,0,668,2,2,1,0.0956,0,1,63,0,46872,0.96,19936,0,2,0.7336,13260,193181,PERSONAL,0.2875,32854,0.647,0.6122,REJECTED,0,0.0
CUST-000192,41,SALARIED,GOVERNMENT,54625,162,RENTED,TIER_2,MARRIED,1,721,1,3,0,0.3613,0,0,42,1,56180,0.979,24424,0,5,0.7981,11780,174863,PERSONAL,0.2157,42845,0.7442,0.698,APPROVED,174863,0.135
CUST-000193,36,SALARIED,MNC,81103,134,OWNED,TIER_2,MARRIED,1,752,2,3,0,0.2119,0,2,24,0,85011,0.8772,50074,0,3,0.7955,16939,184813,PERSONAL,0.2089,64164,0.7658,0.7478,APPROVED,184813,0.12
CUST-000194,25,SELF_EMPLOYED,N/A,38433,15,RENTED,TIER_1,SINGLE,1,836,3,2,2,0.2578,0,1,66,2,37951,0.834,54544,0,3,0.8379,30089,126327,PERSONAL,0.55,8344,0.6395,0.7301,REJECTED,0,0.0
CUST-000195,36,SALARIED,PRIVATE,57760,100,RENTED,TIER_1,MARRIED,1,670,0,2,0,0.3589,0,1,37,0,55853,0.9024,37729,0,2,0.7409,0,176976,PERSONAL,0.0,57760,0.6841,0.5483,REJECTED,0,0.0
CUST-000196,38,SELF_EMPLOYED,N/A,33246,114,RENTED,TIER_2,MARRIED,4,763,3,3,0,0.2802,48,1,57,0,34419,0.9478,47010,0,1,0.9009,23364,139214,PERSONAL,0.55,9882,0.719,0.7321,REJECTED,0,0.0
CUST-000197,27,SALARIED,PRIVATE,35162,36,COMPANY,TIER_2,SINGLE,0,769,3,1,0,0.2499,6,2,6,2,34520,0.9003,29975,0,3,0.755,20581,179771,PERSONAL,0.55,14581,0.6806,0.6484,REJECTED,0,0.0
CUST-000198,36,SALARIED,PRIVATE,54239,129,COMPANY,TIER_1,MARRIED,2,631,2,2,0,0.4082,0,2,65,0,54771,0.9548,19641,0,2,0.7421,18652,136697,PERSONAL,0.3439,35587,0.6919,0.59,REJECTED,0,0.0
CUST-000199,35,SALARIED,GOVERNMENT,25000,110,OWNED,TIER_2,SINGLE,1,757,1,3,1,0.1091,0,1,110,2,24724,0.8743,26339,0,2,0.8024,10663,129750,PERSONAL,0.4265,14337,0.6868,0.7299,REJECTED,0,0.0
CUST-000200,25,SALARIED,GOVERNMENT,139015,29,OWNED,TIER_2,MARRIED,0,783,1,3,0,0.4625,0,1,47,1,137657,0.9379,57173,0,3,0.8967,7566,72212,PERSONAL,0.0544,131449,0.8067,0.759,APPROVED,72212,0.12
CUST-000201,37,SALARIED,PRIVATE,32151,98,OWNED,TIER_2,MARRIED,0,767,3,4,0,0.2319,0,3,41,0,32898,0.78,15083,0,1,0.8845,21983,149610,PERSONAL,0.55,10168,0.7048,0.6886,REJECTED,0,0.0
CUST-000202,39,SALARIED,MNC,54016,127,COMPANY,TIER_3,SINGLE,3,730,2,3,1,0.303,0,4,36,0,53267,0.8112,36189,0,0,0.8013,12125,167828,PERSONAL,0.2245,41891,0.703,0.6383,APPROVED,167828,0.135
CUST-000203,43,SELF_EMPLOYED,N/A,93040,145,OWNED,TIER_1,MARRIED,3,753,1,0,1,0.3952,0,2,61,1,94836,0.9539,55192,0,3,0.8039,4593,378067,PERSONAL,0.0494,88447,0.8055,0.7189,APPROVED,378067,0.12
CUST-000204,43,SALARIED,PRIVATE,37301,182,RENTED,TIER_1,DIVORCED,3,744,2,1,1,0.2165,7,2,40,0,35489,0.9224,31994,0,3,0.8274,22906,190626,PERSONAL,0.55,14395,0.6758,0.682,REJECTED,0,0.0
CUST-000205,23,SALARIED,PRIVATE,25000,27,RENTED,TIER_3,MARRIED,4,642,0,3,0,0.3835,0,1,63,1,24561,0.8882,18333,0,5,0.8199,9848,104406,PERSONAL,0.3939,15152,0.6772,0.5002,REJECTED,0,0.0
CUST-000206,27,SALARIED,GOVERNMENT,45020,49,OWNED,TIER_2,MARRIED,0,745,0,3,0,0.2625,0,1,89,1,44205,0.8124,25767,0,2,0.8456,0,90314,PERSONAL,0.0,45020,0.7046,0.7106,APPROVED,90314,0.135
CUST-000207,39,SALARIED,MNC,37101,124,OWNED,TIER_2,SINGLE,1,714,3,1,0,0.0764,0,1,68,1,38024,0.9565,43920,0,3,0.7852,28314,171460,PERSONAL,0.55,8787,0.7522,0.6162,REJECTED,0,0.0
CUST-000208,39,SALARIED,GOVERNMENT,25000,153,RENTED,TIER_3,MARRIED,2,696,1,2,0,0.0987,0,1,43,1,24536,0.9123,12406,0,3,0.8582,10118,103354,PERSONAL,0.4047,14882,0.727,0.7132,REJECTED,0,0.0
CUST-000209,39,SALARIED,MNC,62522,132,RENTED,TIER_3,DIVORCED,1,850,2,4,1,0.3501,28,5,21,0,63355,0.8986,25145,0,2,0.7184,22861,112888,PERSONAL,0.3656,39661,0.657,0.8049,APPROVED,112888,0.12
CUST-000210,60,SALARIED,PRIVATE,60372,240,OWNED,TIER_3,MARRIED,1,803,1,1,0,0.152,15,1,38,1,61510,0.9377,43598,0,6,0.7934,8610,103190,PERSONAL,0.1426,51762,0.734,0.7368,APPROVED,103190,0.12
CUST-000211,39,SELF_EMPLOYED,N/A,91962,124,RENTED,TIER_2,MARRIED,1,671,1,4,1,0.2586,2,2,44,0,93418,0.906,54777,0,5,0.8014,36301,127273,PERSONAL,0.3947,55661,0.7166,0.6482,REJECTED,0,0.0
CUST-000212,44,PROFESSIONAL,N/A,33213,170,OWNED,TIER_2,MARRIED,2,754,1,3,1,0.1825,0,0,16,2,33556,0.9356,21982,0,3,0.8343,4509,216739,PERSONAL,0.1358,28704,0.7118,0.7571,APPROVED,139494,0.12
CUST-000213,42,SALARIED,MNC,26781,160,COMPANY,TIER_2,MARRIED,2,815,4,4,2,0.4106,0,1,74,0,26549,0.9681,21587,0,1,0.8306,34561,55463,PERSONAL,0.55,-7780,0.7474,0.7477,REJECTED,0,0.0
CUST-000214,40,SALARIED,PRIVATE,45801,142,RENTED,TIER_1,SINGLE,0,652,0,0,0,0.4288,0,2,61,1,45220,0.972,25519,0,3,0.8282,0,286563,PERSONAL,0.0,45801,0.6354,0.6457,REJECTED,0,0.0
CUST-000215,32,SALARIED,MNC,52856,63,RENTED,TIER_2,SINGLE,1,739,1,2,0,0.1491,0,0,22,2,53197,0.7602,66698,0,4,0.7932,5444,135445,PERSONAL,0.103,47412,0.6691,0.7882,APPROVED,135445,0.135
CUST-000216,41,SALARIED,PRIVATE,83257,166,OWNED,TIER_1,MARRIED,2,741,3,6,0,0.1936,0,3,6,3,79624,0.845,55539,0,2,0.7108,29000,109245,PERSONAL,0.3483,54257,0.7216,0.7067,APPROVED,109245,0.135
CUST-000217,28,SALARIED,MNC,103760,46,OWNED,TIER_3,MARRIED,2,664,0,4,0,0.234,0,3,65,2,107659,0.9045,51992,0,2,0.8251,0,233811,PERSONAL,0.0,103760,0.763,0.6405,REJECTED,0,0.0
CUST-000218,33,SALARIED,PRIVATE,94997,79,OWNED,TIER_2,SINGLE,0,755,1,3,1,0.273,0,0,8,1,98087,0.9692,72157,0,3,0.8693,10480,135302,PERSONAL,0.1103,84517,0.7928,0.7506,APPROVED,135302,0.12
CUST-000219,31,SELF_EMPLOYED,N/A,62288,85,COMPANY,TIER_2,DIVORCED,2,796,1,1,1,0.0692,0,4,50,2,61331,0.9494,36116,0,2,0.8809,23213,88872,PERSONAL,0.3727,39075,0.7476,0.7312,APPROVED,88872,0.12
CUST-000220,35,SALARIED,GOVERNMENT,78815,89,RENTED,TIER_1,MARRIED,0,817,0,1,0,0.3335,0,1,38,0,79341,0.9134,49481,0,1,0.8978,0,70085,PERSONAL,0.0,78815,0.7085,0.7729,APPROVED,70085,0.12
CUST-000221,53,SALARIED,PRIVATE,41227,228,OWNED,TIER_1,MARRIED,1,721,3,0,2,0.0796,0,1,67,0,43008,0.9286,15891,0,1,0.8184,17214,212375,PERSONAL,0.4175,24013,0.7299,0.6603,REJECTED,0,0.0
CUST-000222,22,SALARIED,GOVERNMENT,59329,15,OWNED,TIER_1,MARRIED,2,850,0,3,0,0.2079,0,2,67,2,57974,0.8549,23930,2,3,0.6472,0,219313,PERSONAL,0.0,59329,0.6124,0.7859,APPROVED,219313,0.12
CUST-000223,40,SALARIED,PRIVATE,32177,166,COMPANY,TIER_2,SINGLE,2,621,2,1,0,0.2312,0,1,28,0,32957,0.909,29519,0,3,0.8195,14333,122010,PERSONAL,0.4454,17844,0.7032,0.553,REJECTED,0,0.0
CUST-000224,22,SALARIED,PRIVATE,56573,6,RENTED,TIER_1,MARRIED,1,754,0,4,0,0.103,0,1,69,1,54212,0.9126,20717,0,3,0.7196,0,290411,PERSONAL,0.0,56573,0.6697,0.7304,APPROVED,237606,0.12
CUST-000225,31,SALARIED,PRIVATE,57238,71,OWNED,TIER_2,MARRIED,2,657,2,3,0,0.2001,0,5,41,0,57371,0.9722,32702,0,0,0.8683,13485,152711,PERSONAL,0.2356,43753,0.8368,0.5303,REJECTED,0,0.0
CUST-000226,43,SALARIED,PRIVATE,119377,154,OWNED,TIER_3,SINGLE,2,739,1,0,1,0.212,0,0,48,0,123960,0.8965,81597,0,4,0.8401,4457,291382,PERSONAL,0.0373,114920,0.7971,0.7024,APPROVED,291382,0.135
CUST-000227,35,SELF_EMPLOYED,N/A,49614,104,RENTED,TIER_3,MARRIED,2,706,3,3,0,0.4577,45,3,48,3,49870,0.9329,52386,0,3,0.8327,13806,92939,PERSONAL,0.2783,35808,0.7336,0.6033,APPROVED,92939,0.155
CUST-000228,26,SALARIED,MNC,57274,26,RENTED,TIER_2,MARRIED,2,762,3,3,0,0.4332,0,1,101,4,57939,0.9481,28346,0,5,0.8061,11094,87421,PERSONAL,0.1937,46180,0.7412,0.7383,APPROVED,87421,0.12
CUST-000229,29,SALARIED,PRIVATE,61188,54,COMPANY,TIER_1,MARRIED,2,728,2,0,0,0.1039,0,0,45,3,63682,0.9707,49733,0,8,0.8557,17125,116025,PERSONAL,0.2799,44063,0.7544,0.7386,APPROVED,116025,0.135
CUST-000230,40,SALARIED,MNC,44820,148,RENTED,TIER_3,MARRIED,1,689,3,3,0,0.4389,0,0,7,0,45785,0.8966,25626,0,3,0.7807,31913,122836,PERSONAL,0.55,12907,0.6948,0.5621,REJECTED,0,0.0
CUST-000231,29,SALARIED,PRIVATE,38329,42,RENTED,TIER_3,MARRIED,0,693,2,3,1,0.1252,22,2,30,2,39079,0.9548,10000,0,2,0.8216,14288,266714,PERSONAL,0.3728,24041,0.6632,0.7006,REJECTED,0,0.0
CUST-000232,36,SALARIED,PRIVATE,98671,107,RENTED,TIER_1,MARRIED,1,841,1,3,1,0.1677,0,2,65,2,99523,0.8811,60303,0,5,0.7488,3596,173696,PERSONAL,0.0364,95075,0.7418,0.8358,APPROVED,173696,0.12
CUST-000233,35,SELF_EMPLOYED,N/A,35371,82,COMPANY,TIER_2,MARRIED,1,759,0,3,0,0.1563,0,1,41,2,35841,0.9056,20662,0,3,0.7604,0,102618,PERSONAL,0.0,35371,0.6034,0.7117,APPROVED,102618,0.12
CUST-000234,29,SELF_EMPLOYED,N/A,30258,51,OWNED,TIER_1,SINGLE,2,641,2,1,0,0.5965,0,3,48,1,31176,0.9565,21520,3,0,0.4565,19278,150839,PERSONAL,0.55,10980,0.5853,0.4962,REJECTED,0,0.0
CUST-000235,52,SELF_EMPLOYED,N/A,74697,238,OWNED,TIER_3,SINGLE,1,765,0,3,0,0.2853,0,0,37,0,78276,0.941,34658,0,4,0.9177,0,121099,PERSONAL,0.0,74697,0.8948,0.6621,APPROVED,121099,0.12
CUST-000236,40,SALARIED,MNC,92605,146,RENTED,TIER_3,SINGLE,1,724,1,2,1,0.2737,0,2,6,0,95339,0.9777,44840,0,1,0.8212,5444,100359,PERSONAL,0.0588,87161,0.7717,0.6132,APPROVED,100359,0.135
CUST-000237,22,SALARIED,GOVERNMENT,44889,6,OWNED,TIER_1,MARRIED,0,735,0,1,0,0.3133,0,3,29,0,45820,0.9418,43545,0,1,0.8914,0,144137,PERSONAL,0.0,44889,0.7483,0.5957,APPROVED,144137,0.135
CUST-000238,36,SALARIED,PRIVATE,45200,122,OWNED,TIER_3,MARRIED,1,780,0,3,0,0.2116,6,2,46,1,43552,0.8903,23708,0,2,0.7385,0,136347,PERSONAL,0.0,45200,0.6195,0.7374,APPROVED,136347,0.12
CUST-000239,29,SALARIED,PRIVATE,62456,37,OWNED,TIER_2,MARRIED,1,800,4,1,0,0.193,7,1,6,3,64436,0.9215,17431,0,1,0.7813,20099,102288,PERSONAL,0.3218,42357,0.6836,0.6803,APPROVED,102288,0.12
CUST-000240,41,SELF_EMPLOYED,N/A,39996,134,COMPANY,TIER_3,MARRIED,2,687,2,0,1,0.1093,0,1,19,2,40939,0.9244,29198,0,3,0.8414,12346,101743,PERSONAL,0.3087,27650,0.7474,0.6088,REJECTED,0,0.0
CUST-000241,28,SALARIED,GOVERNMENT,38689,54,RENTED,TIER_2,MARRIED,0,733,0,2,0,0.4764,0,3,39,0,39735,0.9808,32777,1,5,0.8102,0,225412,PERSONAL,0.0,38689,0.6413,0.6683,APPROVED,162493,0.135
CUST-000242,34,SALARIED,PRIVATE,81707,71,OWNED,TIER_3,SINGLE,2,704,3,1,0,0.5728,0,1,40,1,79509,0.9641,68980,1,4,0.7013,25497,185368,PERSONAL,0.3121,56210,0.6811,0.6535,APPROVED,185368,0.155
CUST-000243,39,SALARIED,MNC,72279,138,RENTED,TIER_1,MARRIED,3,767,0,1,0,0.2327,16,2,57,2,75195,0.9018,33905,0,3,0.7739,0,240439,PERSONAL,0.0,72279,0.7476,0.6723,APPROVED,240439,0.12
CUST-000244,41,SALARIED,MNC,99221,137,OWNED,TIER_1,MARRIED,0,722,1,2,0,0.3626,0,5,41,0,95225,0.9369,59538,0,3,0.7715,8739,130159,PERSONAL,0.0881,90482,0.7872,0.6707,APPROVED,130159,0.135
CUST-000245,25,SALARIED,GOVERNMENT,31301,42,RENTED,TIER_1,MARRIED,1,736,2,3,1,0.6616,58,1,56,2,30529,0.9399,23227,0,4,0.813,14587,87074,PERSONAL,0.466,16714,0.6874,0.6054,REJECTED,0,0.0
CUST-000246,32,SALARIED,PRIVATE,43869,83,RENTED,TIER_3,SINGLE,0,720,2,1,0,0.1806,0,2,31,1,44584,0.92,38704,0,3,0.7691,22822,112582,PERSONAL,0.5202,21047,0.6957,0.6506,REJECTED,0,0.0
CUST-000247,31,SALARIED,GOVERNMENT,62418,69,RENTED,TIER_3,MARRIED,2,729,1,2,0,0.1994,0,2,53,3,63502,0.9096,45780,0,3,0.7377,5603,250708,PERSONAL,0.0898,56815,0.7058,0.6851,APPROVED,250708,0.135
CUST-000248,29,SELF_EMPLOYED,N/A,36263,70,OWNED,TIER_3,SINGLE,2,828,4,4,2,0.4924,12,0,83,1,35586,0.9056,29672,0,2,0.8255,38141,67385,PERSONAL,0.55,-1878,0.6525,0.7243,REJECTED,0,0.0
CUST-000249,49,SELF_EMPLOYED,N/A,73412,203,RENTED,TIER_3,MARRIED,1,850,1,2,0,0.0852,0,1,54,0,74891,0.8935,32864,0,3,0.824,9577,308891,PERSONAL,0.1305,63835,0.7408,0.8338,APPROVED,308330,0.12
CUST-000250,38,SALARIED,PRIVATE,95432,117,OWNED,TIER_1,SINGLE,1,755,2,3,0,0.3009,0,1,42,2,94362,0.879,22909,0,4,0.7188,35859,86103,PERSONAL,0.3758,59573,0.7417,0.6969,APPROVED,86103,0.12
CUST-000251,24,SALARIED,PRIVATE,42301,6,RENTED,TIER_1,SINGLE,3,729,3,5,1,0.4659,0,0,25,1,40186,0.9,38685,2,2,0.582,33387,221511,PERSONAL,0.55,8914,0.6199,0.6854,REJECTED,0,0.0
CUST-000252,42,SALARIED,PRIVATE,55963,149,RENTED,TIER_1,MARRIED,0,647,0,4,0,0.1312,0,2,50,3,54074,0.9266,22999,0,8,0.7935,0,90053,PERSONAL,0.0,55963,0.6361,0.6486,REJECTED,0,0.0
CUST-000253,51,SALARIED,PRIVATE,105885,232,OWNED,TIER_1,MARRIED,0,693,2,0,1,0.2647,0,0,42,2,109936,0.9269,59320,0,2,0.8914,18219,111391,PERSONAL,0.1721,87666,0.8659,0.6032,REJECTED,0,0.0
CUST-000254,43,SALARIED,MNC,123594,173,RENTED,TIER_1,MARRIED,3,728,1,3,1,0.501,0,2,61,1,120166,0.9123,102443,0,1,0.6735,4312,53618,PERSONAL,0.0349,119282,0.7047,0.6217,APPROVED,53618,0.135
CUST-000255,22,SALARIED,GOVERNMENT,76933,11,RENTED,TIER_2,MARRIED,2,695,1,3,0,0.1896,0,1,6,4,73955,0.9564,46655,0,8,0.8395,28925,378999,PERSONAL,0.376,48008,0.7561,0.6729,REJECTED,0,0.0
CUST-000256,31,SALARIED,GOVERNMENT,71835,50,OWNED,TIER_1,SINGLE,3,701,1,4,0,0.1368,45,0,43,0,73143,0.9595,57089,0,2,0.8615,8274,199946,PERSONAL,0.1152,63561,0.7679,0.6484,APPROVED,199946,0.155
CUST-000257,45,SALARIED,PRIVATE,37455,181,RENTED,TIER_1,SINGLE,2,821,1,2,0,0.2796,68,3,58,0,37232,0.8768,59994,0,3,0.8075,5871,205919,PERSONAL,0.1567,31584,0.6787,0.8028,APPROVED,157311,0.12
CUST-000258,29,SALARIED,PRIVATE,64649,42,RENTED,TIER_1,SINGLE,3,736,2,1,0,0.3888,0,0,51,0,66566,0.8541,48363,0,1,0.7762,14994,117237,PERSONAL,0.2319,49655,0.7268,0.6948,APPROVED,117237,0.135
CUST-000259,38,SALARIED,PRIVATE,70661,125,RENTED,TIER_1,SINGLE,1,741,2,0,1,0.3411,0,1,40,3,73215,0.8574,31677,0,3,0.7963,12732,94184,PERSONAL,0.1802,57929,0.6999,0.7124,APPROVED,94184,0.135
CUST-000260,41,PROFESSIONAL,N/A,50032,180,COMPANY,TIER_3,MARRIED,2,697,1,3,1,0.3362,0,6,39,2,51763,0.9185,16826,0,6,0.7909,8764,221163,PERSONAL,0.1752,41268,0.7913,0.6246,REJECTED,0,0.0
CUST-000261,27,SELF_EMPLOYED,N/A,42084,43,OWNED,TIER_3,MARRIED,3,799,2,2,1,0.6838,0,1,21,1,41297,0.8993,33099,0,3,0.8941,14768,82193,PERSONAL,0.3509,27316,0.722,0.6414,APPROVED,82193,0.12
CUST-000262,34,SALARIED,MNC,30899,106,OWNED,TIER_3,SINGLE,2,723,3,3,1,0.1758,0,2,57,3,30916,0.9337,19153,1,2,0.7162,9124,137974,PERSONAL,0.2953,21775,0.6934,0.6688,APPROVED,129775,0.135
CUST-000263,22,SELF_EMPLOYED,N/A,25162,23,OWNED,TIER_2,MARRIED,0,706,2,4,0,0.2357,50,0,58,0,25539,0.9676,10000,0,2,0.8532,17694,80259,PERSONAL,0.55,7468,0.6551,0.6263,REJECTED,0,0.0
CUST-000264,26,SALARIED,PRIVATE,25000,45,RENTED,TIER_1,SINGLE,1,648,2,1,1,0.4161,3,1,14,2,24554,0.8165,24039,0,2,0.8155,13598,159590,PERSONAL,0.5439,11402,0.7143,0.583,REJECTED,0,0.0
CUST-000265,32,SELF_EMPLOYED,N/A,71384,74,RENTED,TIER_3,MARRIED,0,731,3,2,1,0.2506,0,2,66,2,68108,0.9598,57220,0,4,0.8627,18225,57522,PERSONAL,0.2553,53159,0.7263,0.7346,APPROVED,57522,0.135
CUST-000266,25,SELF_EMPLOYED,N/A,58779,8,OWNED,TIER_1,MARRIED,0,704,1,1,1,0.4235,0,3,32,0,58753,0.9626,35104,0,3,0.7798,3847,71546,PERSONAL,0.0654,54932,0.6558,0.6783,APPROVED,71546,0.155
CUST-000267,48,SALARIED,MNC,44239,207,RENTED,TIER_1,DIVORCED,1,827,1,3,1,0.6796,0,0,38,2,42083,0.9513,63656,0,1,0.8674,4983,97585,PERSONAL,0.1126,39256,0.683,0.7566,APPROVED,97585,0.12
CUST-000268,23,SALARIED,PRIVATE,47378,6,RENTED,TIER_1,MARRIED,2,836,2,3,2,0.2063,0,1,92,1,49513,0.9792,42802,0,5,0.8356,10027,203977,PERSONAL,0.2116,37351,0.6841,0.7653,APPROVED,198987,0.12
CUST-000269,31,SALARIED,PRIVATE,60463,53,RENTED,TIER_1,DIVORCED,2,667,0,2,0,0.2932,0,1,86,0,62256,0.8405,24408,0,2,0.7365,0,115005,PERSONAL,0.0,60463,0.7028,0.6486,REJECTED,0,0.0
CUST-000270,36,SALARIED,GOVERNMENT,51074,114,RENTED,TIER_1,DIVORCED,1,673,2,1,1,0.368,0,1,13,2,49500,0.8748,48984,0,3,0.8567,13785,245288,PERSONAL,0.2699,37289,0.8447,0.6054,REJECTED,0,0.0
CUST-000271,46,SALARIED,PRIVATE,30086,195,COMPANY,TIER_1,SINGLE,2,719,0,4,0,0.1994,0,1,17,0,29446,0.9446,19989,0,3,0.7158,0,317660,PERSONAL,0.0,30086,0.7658,0.6343,APPROVED,126361,0.155
CUST-000272,23,SALARIED,MNC,82945,29,RENTED,TIER_2,SINGLE,0,690,1,2,0,0.1551,0,2,22,3,86949,0.899,106131,0,5,0.901,4249,128549,PERSONAL,0.0512,78696,0.7687,0.6745,REJECTED,0,0.0
CUST-000273,44,SALARIED,MNC,63066,171,OWNED,TIER_1,SINGLE,0,746,0,0,0,0.3734,23,3,86,2,62268,0.9679,55177,0,4,0.7232,0,71622,PERSONAL,0.0,63066,0.735,0.6638,APPROVED,71622,0.135
CUST-000274,35,SELF_EMPLOYED,N/A,61990,107,RENTED,TIER_1,SINGLE,0,717,1,3,1,0.3394,0,1,33,1,63748,0.8844,45144,0,6,0.794,8299,243100,PERSONAL,0.1339,53691,0.67,0.5659,APPROVED,243100,0.155
CUST-000275,27,PROFESSIONAL,N/A,80176,32,COMPANY,TIER_3,MARRIED,1,750,1,5,0,0.2835,0,0,12,1,79749,0.945,57074,0,4,0.8662,31871,69397,PERSONAL,0.3975,48305,0.6821,0.6516,APPROVED,69397,0.12
CUST-000276,38,SALARIED,PRIVATE,38137,138,RENTED,TIER_1,MARRIED,0,790,2,4,2,0.3012,0,4,77,1,39525,0.9137,14224,0,1,0.7333,14974,95488,PERSONAL,0.3926,23163,0.6729,0.7322,APPROVED,95488,0.12
CUST-000277,36,SALARIED,PRIVATE,94965,110,RENTED,TIER_1,SINGLE,1,676,1,5,1,0.131,26,0,62,2,96899,0.9251,46426,0,4,0.8232,6330,64078,PERSONAL,0.0667,88635,0.7899,0.6232,REJECTED,0,0.0
CUST-000278,30,SALARIED,PRIVATE,51640,49,OWNED,TIER_3,MARRIED,1,789,2,4,1,0.5236,0,1,102,3,49176,0.9584,33676,0,2,0.8359,20469,242795,PERSONAL,0.3964,31171,0.7543,0.6577,APPROVED,216888,0.12
CUST-000279,35,SALARIED,MNC,82039,103,OWNED,TIER_1,MARRIED,3,694,1,1,0,0.211,0,1,62,0,80352,0.9634,28436,0,2,0.8227,31377,199672,PERSONAL,0.3825,50662,0.7963,0.6664,REJECTED,0,0.0
CUST-000280,31,PROFESSIONAL,N/A,76541,76,RENTED,TIER_1,MARRIED,0,850,2,2,0,0.2489,22,3,47,0,76984,0.977,55361,0,5,0.8118,14248,336897,PERSONAL,0.1861,62293,0.7298,0.8335,APPROVED,321472,0.12
CUST-000281,35,SALARIED,PRIVATE,34462,107,RENTED,TIER_2,SINGLE,2,824,1,1,0,0.7427,0,1,54,1,35930,0.8365,15359,0,2,0.75,12539,120302,PERSONAL,0.3639,21923,0.6762,0.6508,APPROVED,120302,0.12
CUST-000282,40,SALARIED,GOVERNMENT,68967,156,RENTED,TIER_1,SINGLE,2,728,1,2,1,0.1141,0,3,37,1,66222,0.9035,35358,0,2,0.7182,6900,99349,PERSONAL,0.1,62067,0.7345,0.7959,APPROVED,99349,0.135
CUST-000283,47,SALARIED,GOVERNMENT,63698,182,RENTED,TIER_2,MARRIED,2,682,1,4,1,0.2029,0,0,79,1,64342,0.9536,50785,0,1,0.8208,10138,115379,PERSONAL,0.1592,53560,0.7792,0.575,REJECTED,0,0.0
CUST-000284,25,SALARIED,GOVERNMENT,55755,13,RENTED,TIER_3,DIVORCED,3,671,2,1,0,0.1259,4,1,80,0,54652,0.9464,26782,0,4,0.8538,17910,77034,PERSONAL,0.3212,37845,0.6977,0.604,REJECTED,0,0.0
CUST-000285,52,SALARIED,PRIVATE,52713,240,OWNED,TIER_1,SINGLE,0,783,2,4,1,0.3317,0,6,10,0,54765,0.9074,38161,0,2,0.7856,13389,306421,PERSONAL,0.254,39324,0.7151,0.7371,APPROVED,221394,0.12
CUST-000286,22,SELF_EMPLOYED,N/A,52914,6,RENTED,TIER_2,SINGLE,0,733,0,4,0,0.2903,8,3,70,2,54317,0.9788,33643,0,4,0.8051,0,500000,PERSONAL,0.0,52914,0.7397,0.6518,APPROVED,222238,0.135
CUST-000287,33,SALARIED,GOVERNMENT,79284,90,RENTED,TIER_2,SINGLE,3,785,1,2,1,0.1035,0,5,22,1,78250,0.9319,31148,0,0,0.8787,11704,104452,PERSONAL,0.1476,67580,0.7755,0.8168,APPROVED,104452,0.12
CUST-000288,39,SALARIED,MNC,71335,106,OWNED,TIER_1,SINGLE,1,850,0,3,0,0.3992,0,2,105,0,68960,0.9614,60893,0,3,0.8229,0,201740,PERSONAL,0.0,71335,0.7161,0.7831,APPROVED,201740,0.12
CUST-000289,37,SALARIED,PRIVATE,55759,152,COMPANY,TIER_2,MARRIED,2,692,4,4,1,0.328,0,3,84,0,53035,0.9342,48584,0,6,0.8414,40000,138780,PERSONAL,0.55,15759,0.7298,0.5796,REJECTED,0,0.0
CUST-000290,30,PROFESSIONAL,N/A,28105,60,OWNED,TIER_1,SINGLE,2,667,1,2,1,0.2261,0,3,20,2,28445,0.956,25027,0,3,0.8581,4608,187074,PERSONAL,0.164,23497,0.7251,0.6272,REJECTED,0,0.0
CUST-000291,33,SELF_EMPLOYED,N/A,68705,102,RENTED,TIER_2,MARRIED,2,745,2,1,0,0.3848,0,1,53,2,68060,0.8936,88417,0,1,0.8242,14698,254801,PERSONAL,0.2139,54007,0.708,0.5538,APPROVED,254801,0.135
CUST-000292,31,SALARIED,PRIVATE,76169,67,RENTED,TIER_1,SINGLE,3,797,1,3,0,0.2787,0,3,71,2,74758,0.9522,38771,0,4,0.8452,11177,84697,PERSONAL,0.1467,64992,0.7064,0.7677,APPROVED,84697,0.12
CUST-000293,30,SALARIED,MNC,154859,68,COMPANY,TIER_2,DIVORCED,4,683,0,5,0,0.3293,0,1,33,3,162377,0.9706,42599,0,0,0.8544,40000,118077,PERSONAL,0.2583,114859,0.9298,0.6574,REJECTED,0,0.0
CUST-000294,41,SALARIED,PRIVATE,89235,169,RENTED,TIER_1,MARRIED,2,736,0,2,0,0.5987,0,0,15,1,88932,0.9276,41167,0,2,0.8465,34030,273749,PERSONAL,0.3814,55205,0.7772,0.5349,APPROVED,273749,0.135
CUST-000295,37,SALARIED,MNC,25000,133,RENTED,TIER_3,MARRIED,1,810,4,6,1,0.4322,13,1,50,1,25624,0.8418,22017,0,4,0.8473,15494,193456,PERSONAL,0.55,9506,0.7341,0.7223,REJECTED,0,0.0
CUST-000296,29,PROFESSIONAL,N/A,56975,53,OWNED,TIER_1,SINGLE,3,645,0,3,0,0.4764,0,0,44,3,55137,0.9091,33090,0,1,0.6976,21763,176672,PERSONAL,0.382,35212,0.6891,0.4735,REJECTED,0,0.0
CUST-000297,42,SALARIED,PRIVATE,124269,158,OWNED,TIER_2,MARRIED,0,747,1,2,1,0.6818,71,2,26,1,118222,0.9048,42508,0,3,0.7299,7006,193538,PERSONAL,0.0564,117263,0.8109,0.6281,APPROVED,193538,0.135
CUST-000298,37,SALARIED,PRIVATE,72815,132,OWNED,TIER_2,SINGLE,0,705,2,0,1,0.2859,0,1,77,2,72214,0.8967,22280,0,5,0.7586,7327,203279,PERSONAL,0.1006,65488,0.7233,0.7277,APPROVED,203279,0.155
CUST-000299,41,SALARIED,MNC,63766,179,RENTED,TIER_2,MARRIED,3,741,0,2,0,0.3618,21,1,17,1,64822,0.8985,67527,0,2,0.7827,0,267606,PERSONAL,0.0,63766,0.7417,0.6777,APPROVED,267606,0.135
CUST-000300,40,SALARIED,PRIVATE,82470,146,RENTED,TIER_2,MARRIED,1,774,0,1,0,0.4244,8,2,45,1,82524,0.8979,63120,0,1,0.7716,31277,218660,PERSONAL,0.3793,51193,0.6914,0.6889,APPROVED,218660,0.12
CUST-000301,28,SALARIED,PRIVATE,41565,71,COMPANY,TIER_2,DIVORCED,0,747,3,2,2,0.2803,0,1,52,1,43187,0.8919,20445,0,5,0.8366,9600,146243,PERSONAL,0.231,31965,0.6411,0.5748,APPROVED,146243,0.135
CUST-000302,30,SELF_EMPLOYED,N/A,68201,61,RENTED,TIER_3,SINGLE,0,679,1,2,0,0.3307,71,2,55,1,67750,0.9565,86889,0,1,0.856,4222,178958,PERSONAL,0.0619,63979,0.7299,0.5566,REJECTED,0,0.0
CUST-000303,40,SALARIED,PRIVATE,49137,155,OWNED,TIER_3,SINGLE,3,707,0,1,0,0.1234,0,1,75,2,48208,0.9343,85059,0,2,0.86,0,145027,PERSONAL,0.0,49137,0.6716,0.6593,APPROVED,145027,0.155
CUST-000304,39,SALARIED,PRIVATE,54516,149,OWNED,TIER_1,MARRIED,1,813,2,6,1,0.1857,13,3,42,1,56784,0.9345,49481,0,2,0.8145,23600,103292,PERSONAL,0.4329,30916,0.6341,0.7827,REJECTED,0,0.0
CUST-000305,34,SALARIED,PRIVATE,79849,91,OWNED,TIER_2,SINGLE,2,753,2,0,0,0.613,9,1,6,1,79104,0.8844,64809,0,2,0.7859,8006,146177,PERSONAL,0.1003,71843,0.7498,0.6586,APPROVED,146177,0.12
CUST-000306,35,SALARIED,PRIVATE,36245,95,RENTED,TIER_3,SINGLE,0,781,3,4,1,0.107,0,0,38,2,35410,0.8714,26863,0,2,0.7864,21472,141702,PERSONAL,0.55,14773,0.6173,0.7842,REJECTED,0,0.0
CUST-000307,45,SALARIED,MNC,98192,197,RENTED,TIER_3,SINGLE,2,748,0,5,0,0.4065,0,4,65,0,94241,0.8581,82961,2,1,0.669,0,64173,PERSONAL,0.0,98192,0.7558,0.6338,APPROVED,64173,0.135
CUST-000308,30,SALARIED,PRIVATE,45470,57,OWNED,TIER_3,SINGLE,2,779,0,6,0,0.3775,0,1,44,1,46803,0.9215,59714,0,2,0.7539,0,220986,PERSONAL,0.0,45470,0.7449,0.7121,APPROVED,190974,0.12
CUST-000309,39,SELF_EMPLOYED,N/A,61845,125,COMPANY,TIER_1,SINGLE,1,713,0,0,0,0.5431,0,0,44,2,63855,0.8823,25146,0,3,0.8487,0,240535,PERSONAL,0.0,61845,0.6814,0.5889,APPROVED,240535,0.155
CUST-000310,33,SALARIED,GOVERNMENT,29285,79,COMPANY,TIER_1,MARRIED,1,692,2,4,1,0.7205,0,4,60,0,27918,0.9221,15342,0,3,0.9175,10317,196869,PERSONAL,0.3523,18968,0.7376,0.5201,REJECTED,0,0.0
CUST-000311,33,SALARIED,PRIVATE,76040,81,RENTED,TIER_2,MARRIED,0,777,1,3,1,0.3275,0,0,63,0,74965,0.8489,44760,0,0,0.8474,4767,233454,PERSONAL,0.0627,71273,0.8293,0.6808,APPROVED,233454,0.12
CUST-000312,43,SALARIED,MNC,105452,178,RENTED,TIER_2,SINGLE,4,797,1,1,1,0.1098,0,2,6,2,108086,0.944,79611,2,5,0.5715,7972,137370,PERSONAL,0.0756,97480,0.6731,0.7933,APPROVED,137370,0.12
CUST-000313,41,SALARIED,PRIVATE,43629,158,COMPANY,TIER_2,MARRIED,2,684,1,5,1,0.1972,3,2,47,1,45576,0.9894,48963,0,7,0.8286,10858,116000,PERSONAL,0.2489,32771,0.7357,0.5242,REJECTED,0,0.0
CUST-000314,41,PROFESSIONAL,N/A,33372,160,OWNED,TIER_2,SINGLE,3,703,1,2,1,0.1832,0,0,43,2,32964,0.875,23618,3,3,0.5496,7599,241070,PERSONAL,0.2277,25773,0.6976,0.5768,APPROVED,140162,0.155
CUST-000315,45,SELF_EMPLOYED,N/A,62328,189,COMPANY,TIER_3,MARRIED,1,726,1,4,0,0.3502,19,1,49,2,64646,0.8753,48022,0,1,0.7887,3524,88344,PERSONAL,0.0565,58804,0.6516,0.7795,APPROVED,88344,0.135
CUST-000316,35,SALARIED,MNC,105847,96,RENTED,TIER_1,SINGLE,2,824,0,0,0,0.1053,24,2,6,1,104722,0.942,83250,0,3,0.7966,0,86826,PERSONAL,0.0,105847,0.7304,0.7773,APPROVED,86826,0.12
CUST-000317,40,SALARIED,PRIVATE,28642,152,OWNED,TIER_3,SINGLE,2,765,0,4,0,0.4298,0,6,79,2,27724,0.9502,17344,0,1,0.8103,0,187673,PERSONAL,0.0,28642,0.7103,0.7451,APPROVED,120296,0.12
CUST-000318,32,SALARIED,PRIVATE,33431,94,OWNED,TIER_2,MARRIED,2,662,1,2,1,0.1622,0,1,48,2,31770,0.8418,16982,2,3,0.5219,4189,185122,PERSONAL,0.1253,29242,0.6792,0.6037,REJECTED,0,0.0
CUST-000319,37,SALARIED,PRIVATE,44833,127,OWNED,TIER_1,MARRIED,4,729,3,0,0,0.1684,0,3,58,1,44071,0.8739,27715,0,3,0.7866,10963,238810,PERSONAL,0.2445,33870,0.6695,0.6611,APPROVED,188298,0.135
CUST-000320,33,SALARIED,PRIVATE,38022,93,RENTED,TIER_2,MARRIED,1,721,0,5,0,0.3825,0,2,90,0,37559,0.8883,17559,0,1,0.7293,0,63778,PERSONAL,0.0,38022,0.7676,0.6684,APPROVED,63778,0.135
CUST-000321,35,SALARIED,PRIVATE,38076,94,RENTED,TIER_3,SINGLE,0,670,0,1,0,0.165,0,6,58,1,39770,0.9222,17706,0,5,0.836,13664,142845,PERSONAL,0.3589,24412,0.7128,0.6185,REJECTED,0,0.0
CUST-000322,39,SALARIED,PRIVATE,25000,138,OWNED,TIER_1,SINGLE,2,729,1,3,0,0.4425,0,1,11,0,24265,0.8162,17379,0,4,0.7374,8325,85238,PERSONAL,0.333,16675,0.5794,0.6353,APPROVED,85238,0.135
CUST-000323,28,SALARIED,MNC,71694,38,RENTED,TIER_1,MARRIED,2,719,0,4,0,0.1347,65,3,45,1,70849,0.8896,35526,0,0,0.7942,25213,230046,PERSONAL,0.3517,46481,0.795,0.6752,APPROVED,230046,0.155
CUST-000324,51,SELF_EMPLOYED,N/A,64055,231,OWNED,TIER_3,SINGLE,2,715,0,0,0,0.1391,0,1,64,2,61013,0.9489,80446,0,3,0.8252,23501,292220,PERSONAL,0.3669,40554,0.7149,0.6874,APPROVED,269031,0.155
CUST-000325,26,SALARIED,PRIVATE,25606,12,COMPANY,TIER_1,MARRIED,0,712,1,1,0,0.5275,0,1,49,0,26280,0.7984,16291,0,1,0.7904,5990,193037,PERSONAL,0.2339,19616,0.6953,0.5824,APPROVED,107545,0.155
CUST-000326,25,SALARIED,PRIVATE,105961,6,RENTED,TIER_2,MARRIED,1,815,2,3,2,0.233,0,5,88,0,110359,0.9547,109502,0,11,0.8792,39351,113489,PERSONAL,0.3714,66610,0.7339,0.7549,APPROVED,113489,0.12
CUST-000327,44,SELF_EMPLOYED,N/A,117193,173,OWNED,TIER_2,DIVORCED,1,714,0,0,0,0.313,25,2,27,2,114120,0.8081,42732,0,0,0.775,0,103166,PERSONAL,0.0,117193,0.7465,0.6053,APPROVED,103166,0.155
CUST-000328,41,SALARIED,GOVERNMENT,39229,145,RENTED,TIER_2,MARRIED,1,737,0,2,0,0.2299,6,3,77,0,38950,0.8911,14480,0,4,0.7508,0,122085,PERSONAL,0.0,39229,0.6192,0.6354,APPROVED,122085,0.135
CUST-000329,39,SALARIED,GOVERNMENT,92970,137,OWNED,TIER_2,MARRIED,2,731,5,3,0,0.5361,30,2,68,1,89456,0.9189,53357,0,3,0.7762,40000,98501,PERSONAL,0.4302,52970,0.6852,0.7048,REJECTED,0,0.0
CUST-000330,40,SALARIED,PRIVATE,42499,142,COMPANY,TIER_1,MARRIED,2,707,1,3,1,0.4956,0,2,50,2,42315,0.8984,37090,0,3,0.9312,4109,138520,PERSONAL,0.0967,38390,0.7498,0.5726,APPROVED,138520,0.155
CUST-000331,34,SALARIED,PRIVATE,59670,96,RENTED,TIER_2,MARRIED,0,739,0,2,0,0.3338,0,4,55,1,57482,0.9162,29429,3,0,0.5469,0,103048,PERSONAL,0.0,59670,0.6537,0.7104,APPROVED,103048,0.135
CUST-000332,27,SELF_EMPLOYED,N/A,37759,47,RENTED,TIER_1,MARRIED,1,738,0,2,0,0.6743,6,4,24,2,37847,0.8505,21763,0,1,0.7741,0,75174,PERSONAL,0.0,37759,0.6636,0.604,APPROVED,75174,0.135
CUST-000333,35,SELF_EMPLOYED,N/A,148970,98,RENTED,TIER_2,MARRIED,1,739,3,4,0,0.3653,0,0,40,3,152465,0.9516,133338,0,4,0.8015,20301,181446,PERSONAL,0.1363,128669,0.7647,0.6873,APPROVED,181446,0.135
CUST-000334,29,SALARIED,PRIVATE,48140,53,RENTED,TIER_1,SINGLE,0,687,0,4,0,0.2435,0,3,61,1,48396,0.8613,24731,2,7,0.5121,0,188584,PERSONAL,0.0,48140,0.5546,0.6232,REJECTED,0,0.0
CUST-000335,42,SALARIED,GOVERNMENT,58220,177,OWNED,TIER_2,MARRIED,2,723,2,1,1,0.2222,0,1,44,2,56736,0.8606,25800,0,1,0.8367,10615,350845,PERSONAL,0.1823,47605,0.7457,0.5968,APPROVED,244523,0.135
CUST-000336,33,SALARIED,GOVERNMENT,40356,88,COMPANY,TIER_1,MARRIED,3,776,1,3,1,0.0836,0,1,49,0,39765,0.8875,32145,0,0,0.7705,8138,120788,PERSONAL,0.2017,32218,0.6917,0.7523,APPROVED,120788,0.12
CUST-000337,28,SALARIED,PRIVATE,127093,45,RENTED,TIER_1,MARRIED,1,725,1,2,1,0.4461,0,5,71,2,128854,0.9686,45262,0,2,0.8611,10594,58295,PERSONAL,0.0834,116499,0.8336,0.6615,APPROVED,58295,0.135
CUST-000338,32,SALARIED,MNC,128548,80,RENTED,TIER_1,MARRIED,2,743,1,4,1,0.3049,0,0,6,0,129701,0.9138,66420,0,4,0.8414,11286,225492,PERSONAL,0.0878,117262,0.8751,0.6412,APPROVED,225492,0.135
CUST-000339,38,PROFESSIONAL,N/A,114577,126,RENTED,TIER_1,SINGLE,3,744,2,0,2,0.2121,0,0,56,1,110415,0.9224,71961,0,2,0.8758,14744,238534,PERSONAL,0.1287,99833,0.8319,0.7874,APPROVED,238534,0.135
CUST-000340,30,SALARIED,MNC,84582,55,OWNED,TIER_3,DIVORCED,3,757,1,1,0,0.2165,0,2,90,3,87499,0.9029,62708,0,3,0.8459,8757,265505,PERSONAL,0.1035,75825,0.7805,0.7415,APPROVED,265505,0.12
CUST-000341,28,PROFESSIONAL,N/A,41520,36,RENTED,TIER_1,MARRIED,0,765,0,4,0,0.1903,0,2,38,3,41416,0.9391,34619,0,3,0.8129,0,313029,PERSONAL,0.0,41520,0.7982,0.7551,APPROVED,174384,0.12
CUST-000342,36,SALARIED,PRIVATE,79827,102,OWNED,TIER_3,SINGLE,4,725,2,2,1,0.213,0,0,18,2,77131,0.9295,70845,0,1,0.824,10558,315260,PERSONAL,0.1323,69269,0.7401,0.7093,APPROVED,315260,0.135
CUST-000343,36,SALARIED,MNC,54825,122,OWNED,TIER_3,SINGLE,1,684,1,3,1,0.1436,0,1,38,1,52757,0.9166,29146,0,3,0.8028,5508,92042,PERSONAL,0.1005,49317,0.8104,0.5414,REJECTED,0,0.0
CUST-000344,30,SALARIED,PRIVATE,99277,56,OWNED,TIER_2,SINGLE,1,667,1,2,0,0.3925,0,2,11,1,103898,0.8647,87364,0,2,0.79,3841,325276,PERSONAL,0.0387,95436,0.8183,0.6058,REJECTED,0,0.0
CUST-000345,31,SELF_EMPLOYED,N/A,90875,70,RENTED,TIER_1,MARRIED,0,790,3,1,2,0.5086,0,1,53,1,88889,0.9264,66760,0,4,0.7335,16551,127309,PERSONAL,0.1821,74324,0.7201,0.7948,APPROVED,127309,0.12
CUST-000346,36,SELF_EMPLOYED,N/A,41065,120,OWNED,TIER_1,MARRIED,1,777,2,2,1,0.3396,0,1,46,1,42742,0.9281,32878,0,4,0.7107,11780,223598,PERSONAL,0.2869,29285,0.6993,0.7443,APPROVED,172473,0.12
CUST-000347,23,SELF_EMPLOYED,N/A,84255,6,RENTED,TIER_3,MARRIED,0,770,2,1,0,0.3218,0,3,55,2,83501,0.8701,39232,0,2,0.8222,23437,170780,PERSONAL,0.2782,60818,0.7469,0.6979,APPROVED,170780,0.12
CUST-000348,23,SALARIED,PRIVATE,74757,15,RENTED,TIER_1,SINGLE,0,779,4,3,0,0.3019,0,2,44,0,73904,0.9596,58525,0,1,0.818,36069,92227,PERSONAL,0.4825,38688,0.6857,0.6773,REJECTED,0,0.0
CUST-000349,29,SALARIED,PRIVATE,25000,37,COMPANY,TIER_1,MARRIED,1,726,3,1,1,0.0975,0,6,52,2,25502,0.9443,14110,0,3,0.8595,20502,267953,PERSONAL,0.55,4498,0.7005,0.6422,REJECTED,0,0.0
CUST-000350,33,SELF_EMPLOYED,N/A,78866,86,OWNED,TIER_2,DIVORCED,3,700,0,1,0,0.3025,25,1,58,1,75000,0.7788,48234,0,2,0.7453,0,119412,PERSONAL,0.0,78866,0.6637,0.5764,APPROVED,119412,0.155
CUST-000351,37,SALARIED,PRIVATE,45287,120,RENTED,TIER_3,MARRIED,3,681,2,2,0,0.2556,0,2,19,2,44553,0.9516,29027,0,5,0.8175,8758,379943,PERSONAL,0.1934,36529,0.7186,0.5985,REJECTED,0,0.0
CUST-000352,46,SALARIED,PRIVATE,36914,192,RENTED,TIER_3,MARRIED,1,675,1,4,1,0.4354,0,1,56,0,36185,0.9242,51575,0,3,0.8936,7284,102413,PERSONAL,0.1973,29630,0.7584,0.5378,REJECTED,0,0.0
CUST-000353,41,SALARIED,MNC,37632,132,RENTED,TIER_1,SINGLE,3,801,1,5,1,0.2463,0,0,82,1,39017,0.9163,15659,0,3,0.8734,8823,90777,PERSONAL,0.2345,28809,0.7115,0.7498,APPROVED,90777,0.12
CUST-000354,33,PROFESSIONAL,N/A,51752,102,RENTED,TIER_2,MARRIED,3,707,1,1,1,0.3854,46,0,24,2,51902,0.8857,49967,0,7,0.7982,3500,107683,PERSONAL,0.0676,48252,0.7192,0.6335,APPROVED,107683,0.155
CUST-000355,34,PROFESSIONAL,N/A,68262,85,RENTED,TIER_1,MARRIED,2,793,3,2,0,0.3115,0,2,55,2,67337,0.8945,72579,0,4,0.7715,28358,316788,PERSONAL,0.4154,39904,0.728,0.668,REJECTED,0,0.0
CUST-000356,26,SALARIED,PRIVATE,29751,36,RENTED,TIER_1,SINGLE,0,724,0,2,0,0.2348,0,0,79,2,29055,0.7629,24835,0,2,0.8313,0,68513,PERSONAL,0.0,29751,0.7301,0.6372,APPROVED,68513,0.135
CUST-000357,34,SELF_EMPLOYED,N/A,59905,96,OWNED,TIER_3,DIVORCED,2,697,1,4,1,0.3885,0,1,20,4,60447,0.8783,29013,0,4,0.7734,4262,236788,PERSONAL,0.0711,55643,0.7141,0.5901,REJECTED,0,0.0
CUST-000358,32,PROFESSIONAL,N/A,71298,92,OWNED,TIER_1,SINGLE,3,674,4,1,3,0.577,0,1,67,2,68814,0.9361,84322,0,3,0.8157,17748,374958,PERSONAL,0.2489,53550,0.7258,0.5338,REJECTED,0,0.0
CUST-000359,37,SALARIED,PRIVATE,127121,146,OWNED,TIER_1,SINGLE,2,702,1,5,1,0.0977,0,2,42,0,123894,0.9616,66786,0,3,0.7948,11360,137819,PERSONAL,0.0894,115761,0.8268,0.6634,APPROVED,137819,0.155
CUST-000360,28,SALARIED,PRIVATE,33879,32,OWNED,TIER_1,SINGLE,1,813,2,0,1,0.3415,0,6,72,1,33179,0.9259,26757,0,6,0.7813,18298,123234,PERSONAL,0.5401,15581,0.69,0.7606,REJECTED,0,0.0
CUST-000361,39,PROFESSIONAL,N/A,46993,128,RENTED,TIER_3,DIVORCED,1,675,2,3,1,0.5221,0,0,28,2,47500,0.8951,29593,0,2,0.8387,17797,156113,PERSONAL,0.3787,29196,0.6333,0.5505,REJECTED,0,0.0
CUST-000362,47,SALARIED,MNC,61872,202,COMPANY,TIER_3,MARRIED,2,850,1,3,0,0.153,0,2,47,0,61087,0.8348,32027,0,0,0.7094,7999,85578,PERSONAL,0.1293,53873,0.6764,0.8002,APPROVED,85578,0.12
CUST-000363,34,SALARIED,PRIVATE,92173,82,OWNED,TIER_2,MARRIED,1,688,1,1,1,0.1244,29,1,11,0,92226,0.931,68821,0,3,0.8217,32545,500000,PERSONAL,0.3531,59628,0.7437,0.6415,REJECTED,0,0.0
CUST-000364,38,SALARIED,PRIVATE,47963,137,OWNED,TIER_3,MARRIED,0,776,4,0,1,0.1723,0,3,58,2,48684,0.9358,61030,0,3,0.8569,34352,209671,PERSONAL,0.55,13611,0.732,0.7955,REJECTED,0,0.0
CUST-000365,40,PROFESSIONAL,N/A,94322,154,OWNED,TIER_1,MARRIED,1,727,2,1,1,0.4197,0,0,58,0,98625,0.9151,62704,0,1,0.7779,13382,81481,PERSONAL,0.1419,80940,0.7531,0.5853,APPROVED,81481,0.135
CUST-000366,31,PROFESSIONAL,N/A,25000,78,COMPANY,TIER_2,SINGLE,3,717,2,3,0,0.1303,8,1,60,2,25662,0.8967,33096,2,3,0.7146,9768,100187,PERSONAL,0.3907,15232,0.5721,0.7206,APPROVED,100187,0.155
CUST-000367,36,PROFESSIONAL,N/A,31290,114,OWNED,TIER_1,SINGLE,3,665,2,2,1,0.6098,4,2,59,1,30993,0.956,17446,0,0,0.8596,18412,164055,PERSONAL,0.55,12878,0.6484,0.4773,REJECTED,0,0.0
CUST-000368,35,SALARIED,PRIVATE,64342,120,RENTED,TIER_1,SINGLE,0,729,3,1,1,0.0873,89,3,45,1,65939,0.9291,39819,0,2,0.7869,12498,78525,PERSONAL,0.1942,51844,0.6823,0.7102,APPROVED,78525,0.135
CUST-000369,35,SELF_EMPLOYED,N/A,29150,90,OWNED,TIER_2,MARRIED,4,671,2,5,1,0.409,7,4,12,0,30460,0.95,10711,0,4,0.7981,10703,70702,PERSONAL,0.3672,18447,0.6866,0.6218,REJECTED,0,0.0
CUST-000370,28,SELF_EMPLOYED,N/A,32421,48,OWNED,TIER_3,SINGLE,1,642,1,1,0,0.1657,69,1,71,2,32418,0.9471,15562,0,6,0.8529,12828,173732,PERSONAL,0.3957,19593,0.7499,0.5295,REJECTED,0,0.0
CUST-000371,35,SALARIED,PRIVATE,43372,95,OWNED,TIER_1,MARRIED,2,741,2,0,1,0.3099,0,0,47,2,42983,0.9134,23846,0,3,0.8055,17882,248051,PERSONAL,0.4123,25490,0.6388,0.6904,REJECTED,0,0.0
CUST-000372,38,SELF_EMPLOYED,N/A,77826,138,OWNED,TIER_1,SINGLE,2,700,1,3,0,0.2259,14,3,57,3,74541,0.9432,40936,0,3,0.8793,8678,237044,PERSONAL,0.1115,69148,0.7413,0.5993,APPROVED,237044,0.155
CUST-000373,46,SALARIED,MNC,25000,169,RENTED,TIER_1,SINGLE,3,827,2,2,0,0.1614,16,1,43,3,25980,0.9196,10215,0,0,0.8246,13527,145585,PERSONAL,0.5411,11473,0.6867,0.8458,REJECTED,0,0.0
CUST-000374,42,SALARIED,MNC,59380,159,RENTED,TIER_1,MARRIED,3,790,2,2,1,0.188,0,0,95,1,57874,0.873,26269,1,7,0.6967,13133,130762,PERSONAL,0.2212,46247,0.6459,0.6878,APPROVED,130762,0.12
CUST-000375,52,SALARIED,PRIVATE,87546,240,COMPANY,TIER_3,MARRIED,1,828,2,4,2,0.182,0,1,34,2,83728,0.7953,46838,0,3,0.7775,31316,153925,PERSONAL,0.3577,56230,0.7471,0.7613,APPROVED,153925,0.12
CUST-000376,28,SALARIED,MNC,50380,36,OWNED,TIER_2,MARRIED,3,697,2,3,2,0.4265,80,0,33,1,50567,0.9601,48588,2,4,0.7937,19320,246336,PERSONAL,0.3835,31060,0.7324,0.6128,REJECTED,0,0.0
CUST-000377,41,SALARIED,GOVERNMENT,46588,144,OWNED,TIER_2,SINGLE,0,742,2,2,1,0.4434,0,0,10,1,48199,0.9562,15367,0,5,0.7524,15183,80017,PERSONAL,0.3259,31405,0.6578,0.686,APPROVED,80017,0.135
CUST-000378,36,SALARIED,MNC,65899,112,RENTED,TIER_3,DIVORCED,2,590,1,1,1,0.3715,24,1,50,4,65283,0.9364,17191,0,2,0.7392,11723,101689,PERSONAL,0.1779,54176,0.7186,0.4946,REJECTED,0,0.0
CUST-000379,52,SALARIED,PRIVATE,50444,240,RENTED,TIER_1,SINGLE,2,719,0,3,0,0.1607,0,3,92,1,51871,0.8164,14964,0,0,0.7477,0,124182,PERSONAL,0.0,50444,0.6862,0.6929,APPROVED,124182,0.155
CUST-000380,28,SELF_EMPLOYED,N/A,102828,35,COMPANY,TIER_2,MARRIED,2,740,2,4,0,0.3969,0,4,51,0,106287,0.9537,43959,0,1,0.8777,36282,132889,PERSONAL,0.3528,66546,0.7502,0.6402,APPROVED,132889,0.135
CUST-000381,28,SALARIED,PRIVATE,33354,37,OWNED,TIER_2,MARRIED,1,743,0,0,0,0.3309,0,1,53,1,33201,0.8619,25819,0,1,0.6741,0,145969,PERSONAL,0.0,33354,0.6398,0.6319,APPROVED,140086,0.135
CUST-000382,30,SALARIED,PRIVATE,53736,77,OWNED,TIER_2,SINGLE,3,732,0,2,0,0.4423,0,6,71,1,54224,0.9093,27958,0,2,0.7036,0,148143,PERSONAL,0.0,53736,0.6974,0.7046,APPROVED,148143,0.135
CUST-000383,22,SALARIED,GOVERNMENT,60333,6,OWNED,TIER_3,SINGLE,0,738,2,1,1,0.1276,0,0,51,3,60537,0.8587,31220,0,2,0.7635,22571,210113,PERSONAL,0.3741,37762,0.7642,0.7201,APPROVED,210113,0.135
CUST-000384,30,SELF_EMPLOYED,N/A,46387,54,OWNED,TIER_3,MARRIED,0,585,1,3,1,0.4324,0,2,76,0,48424,0.8558,23789,0,3,0.8884,3494,62129,PERSONAL,0.0753,42893,0.8012,0.4565,REJECTED,0,0.0
CUST-000385,28,SALARIED,PRIVATE,25000,56,RENTED,TIER_1,MARRIED,2,749,0,5,0,0.2702,0,2,80,0,25563,0.9355,10000,0,2,0.8019,0,67350,PERSONAL,0.0,25000,0.658,0.6255,APPROVED,67350,0.135
CUST-000386,36,SALARIED,PRIVATE,51158,106,OWNED,TIER_3,SINGLE,1,761,0,4,0,0.2706,0,1,33,2,53333,0.8305,43322,3,3,0.4334,18389,107558,PERSONAL,0.3595,32769,0.5565,0.7545,APPROVED,107558,0.12
CUST-000387,37,SELF_EMPLOYED,N/A,82468,132,RENTED,TIER_1,MARRIED,3,808,1,1,1,0.2507,0,1,13,3,80158,0.9504,83579,0,3,0.8769,10021,231002,PERSONAL,0.1215,72447,0.7742,0.814,APPROVED,231002,0.12
CUST-000388,50,SALARIED,PRIVATE,78060,216,RENTED,TIER_1,MARRIED,1,755,1,3,0,0.7499,0,4,64,2,76578,0.8285,40954,0,6,0.8579,10076,108273,PERSONAL,0.1291,67984,0.7392,0.618,APPROVED,108273,0.12
CUST-000389,42,SALARIED,GOVERNMENT,64520,158,OWNED,TIER_1,MARRIED,0,727,3,3,1,0.1112,0,3,55,0,61751,0.9234,40058,0,4,0.7761,13318,146950,PERSONAL,0.2064,51202,0.7653,0.6634,APPROVED,146950,0.135
CUST-000390,30,SALARIED,PRIVATE,33558,75,COMPANY,TIER_1,MARRIED,3,795,2,2,1,0.2153,0,3,22,1,33557,0.9152,21114,0,4,0.8287,12452,159925,PERSONAL,0.3711,21106,0.7039,0.7432,APPROVED,140943,0.12
CUST-000391,27,SELF_EMPLOYED,N/A,65708,37,RENTED,TIER_2,SINGLE,1,605,1,3,0,0.3532,0,0,31,1,68164,0.9141,25719,0,1,0.8016,5098,175683,PERSONAL,0.0776,60610,0.7293,0.5028,REJECTED,0,0.0
CUST-000392,38,SALARIED,GOVERNMENT,42490,137,OWNED,TIER_2,DIVORCED,0,706,1,1,0,0.2348,0,2,31,0,41754,0.8201,21366,0,0,0.7998,5843,327970,PERSONAL,0.1375,36647,0.7256,0.6776,APPROVED,178458,0.155
CUST-000393,24,SELF_EMPLOYED,N/A,64482,15,RENTED,TIER_3,SINGLE,2,692,4,4,0,0.4706,0,2,51,0,62085,0.936,79032,0,4,0.8191,32863,212290,PERSONAL,0.5096,31619,0.7382,0.5496,REJECTED,0,0.0
CUST-000394,49,SALARIED,MNC,58090,239,RENTED,TIER_2,MARRIED,1,733,2,0,0,0.0952,0,1,71,0,55583,0.9398,34798,0,2,0.8433,12566,246994,PERSONAL,0.2163,45524,0.7452,0.6759,APPROVED,243977,0.135
CUST-000395,44,PROFESSIONAL,N/A,35444,194,RENTED,TIER_2,MARRIED,2,614,1,2,0,0.1343,0,2,73,1,35257,0.9158,23255,0,7,0.8495,14066,140785,PERSONAL,0.3969,21378,0.7198,0.5472,REJECTED,0,0.0
CUST-000396,31,SELF_EMPLOYED,N/A,36808,56,RENTED,TIER_1,MARRIED,1,807,1,2,0,0.0868,30,2,66,1,35571,0.9444,16733,0,3,0.8418,6946,313370,PERSONAL,0.1887,29862,0.7023,0.7972,APPROVED,154593,0.12
CUST-000397,22,PROFESSIONAL,N/A,64527,6,OWNED,TIER_1,MARRIED,3,721,1,1,1,0.3883,22,2,40,0,63533,0.8858,32598,0,1,0.7099,5579,155467,PERSONAL,0.0865,58948,0.6575,0.6759,APPROVED,155467,0.135
CUST-000398,45,SALARIED,PRIVATE,49790,174,RENTED,TIER_2,SINGLE,3,752,0,4,0,0.0832,14,3,101,1,51383,0.8244,38687,0,1,0.7145,0,56428,PERSONAL,0.0,49790,0.7488,0.7356,APPROVED,56428,0.12
CUST-000399,34,SELF_EMPLOYED,N/A,37682,98,OWNED,TIER_2,MARRIED,2,747,3,2,1,0.6887,0,4,48,0,37245,0.9358,16159,0,4,0.7677,33079,500000,PERSONAL,0.55,4603,0.647,0.6966,REJECTED,0,0.0
CUST-000400,44,SALARIED,GOVERNMENT,36308,176,COMPANY,TIER_3,MARRIED,0,804,2,4,0,0.5201,0,3,38,0,36706,0.952,41646,0,3,0.8563,6204,153503,PERSONAL,0.1709,30104,0.7788,0.6787,APPROVED,152493,0.12
CUST-000401,22,SALARIED,PRIVATE,47971,6,RENTED,TIER_1,MARRIED,3,632,0,2,0,0.0967,0,1,15,3,47981,0.9611,15078,3,4,0.532,16814,195492,PERSONAL,0.3505,31157,0.6261,0.6396,REJECTED,0,0.0
CUST-000402,30,SALARIED,MNC,111383,76,OWNED,TIER_1,MARRIED,2,741,5,5,1,0.2292,0,0,39,2,113817,0.9215,51877,0,3,0.747,40000,87911,PERSONAL,0.3591,71383,0.7361,0.6503,APPROVED,87911,0.135
CUST-000403,35,SELF_EMPLOYED,N/A,43406,106,RENTED,TIER_2,MARRIED,2,798,0,2,0,0.3379,71,3,58,0,41913,0.9385,14408,0,2,0.8144,0,449976,PERSONAL,0.0,43406,0.7283,0.7228,APPROVED,182305,0.12
CUST-000404,35,PROFESSIONAL,N/A,54654,100,OWNED,TIER_1,MARRIED,1,729,1,1,0,0.0758,0,0,9,2,56951,0.8694,55697,0,0,0.8591,9543,100887,PERSONAL,0.1746,45111,0.766,0.713,APPROVED,100887,0.135
CUST-000405,31,SELF_EMPLOYED,N/A,57574,66,RENTED,TIER_1,DIVORCED,3,682,3,1,1,0.3616,0,0,25,0,58400,0.877,34046,0,1,0.8261,9412,123718,PERSONAL,0.1635,48162,0.7951,0.6469,REJECTED,0,0.0
CUST-000406,39,SALARIED,PRIVATE,33061,137,RENTED,TIER_2,MARRIED,2,701,1,2,1,0.3365,0,2,36,3,32303,0.9512,17689,0,3,0.7891,5040,69831,PERSONAL,0.1524,28021,0.6328,0.6099,APPROVED,69831,0.155
CUST-000407,26,SALARIED,GOVERNMENT,25000,36,RENTED,TIER_1,MARRIED,0,713,2,2,1,0.1845,15,0,29,1,24058,0.8073,17585,0,3,0.7589,23492,179994,PERSONAL,0.55,1508,0.66,0.6782,REJECTED,0,0.0
CUST-000408,33,SELF_EMPLOYED,N/A,34651,86,RENTED,TIER_2,SINGLE,1,695,2,4,2,0.3151,10,2,27,1,33437,0.8772,36383,0,3,0.7508,20554,130304,PERSONAL,0.55,14097,0.7289,0.6093,REJECTED,0,0.0
CUST-000409,35,SALARIED,MNC,61468,70,RENTED,TIER_1,DIVORCED,3,726,1,1,0,0.4863,0,1,74,1,63205,0.9606,40210,0,1,0.9079,8101,69327,PERSONAL,0.1318,53367,0.7893,0.5406,APPROVED,69327,0.135
CUST-000410,39,SALARIED,MNC,57204,136,OWNED,TIER_1,SINGLE,0,817,3,3,0,0.3197,66,3,8,2,57708,0.8379,54209,0,6,0.8225,15395,145016,PERSONAL,0.2691,41809,0.7441,0.762,APPROVED,145016,0.12
CUST-000411,40,SALARIED,GOVERNMENT,75445,126,COMPANY,TIER_1,SINGLE,4,702,1,4,1,0.3465,0,2,52,0,74545,0.9349,40250,0,2,0.7265,3129,157280,PERSONAL,0.0415,72316,0.7711,0.5757,APPROVED,157280,0.155
CUST-000412,26,SALARIED,PRIVATE,57447,29,OWNED,TIER_3,MARRIED,2,708,2,5,1,0.2993,20,6,60,0,56487,0.8605,23464,0,2,0.8399,6375,132541,PERSONAL,0.111,51072,0.7238,0.6903,APPROVED,132541,0.155
CUST-000413,22,SALARIED,GOVERNMENT,52354,6,OWNED,TIER_1,MARRIED,2,760,2,2,0,0.2403,83,1,36,1,54216,0.9313,34469,0,5,0.8452,17015,60351,PERSONAL,0.325,35339,0.6312,0.7601,APPROVED,60351,0.12
CUST-000414,45,SALARIED,MNC,41910,167,RENTED,TIER_3,MARRIED,1,725,2,4,2,0.2769,12,0,42,1,43480,0.8904,19025,0,4,0.8495,6392,173474,PERSONAL,0.1525,35518,0.702,0.6292,APPROVED,173474,0.135
CUST-000415,37,SALARIED,PRIVATE,81892,134,RENTED,TIER_1,SINGLE,0,661,0,2,0,0.1446,0,5,47,0,82557,0.9489,64720,0,4,0.7962,0,79584,PERSONAL,0.0,81892,0.8242,0.5682,REJECTED,0,0.0
CUST-000416,29,SALARIED,PRIVATE,36368,52,RENTED,TIER_3,SINGLE,3,731,1,2,0,0.0861,0,0,63,1,36457,0.8619,18525,0,2,0.7631,4650,233981,PERSONAL,0.1279,31718,0.692,0.6731,APPROVED,152745,0.135
CUST-000417,47,PROFESSIONAL,N/A,33369,195,RENTED,TIER_1,MARRIED,1,729,4,3,0,0.3488,0,2,84,1,34424,0.8914,19355,2,8,0.5558,37585,113627,PERSONAL,0.55,-4216,0.5704,0.6778,REJECTED,0,0.0
CUST-000418,35,SALARIED,MNC,70987,109,OWNED,TIER_2,MARRIED,2,788,0,2,0,0.1209,0,0,17,2,72756,0.8949,17383,3,5,0.5866,0,238517,PERSONAL,0.0,70987,0.7112,0.781,APPROVED,238517,0.12
CUST-000419,44,SALARIED,GOVERNMENT,30187,171,OWNED,TIER_2,SINGLE,1,681,1,1,0,0.1428,15,4,26,0,29886,0.8837,17230,0,5,0.7686,11188,151059,PERSONAL,0.3706,18999,0.7087,0.7677,REJECTED,0,0.0
CUST-000420,35,SALARIED,GOVERNMENT,163038,129,RENTED,TIER_3,MARRIED,0,789,0,2,0,0.4296,0,1,27,1,156235,0.925,88776,0,7,0.757,40000,154985,PERSONAL,0.2453,123038,0.8286,0.702,APPROVED,154985,0.12
CUST-000421,51,SALARIED,PRIVATE,57015,228,RENTED,TIER_1,SINGLE,0,729,2,4,2,0.305,0,1,47,0,58545,0.8882,54471,0,2,0.7819,21051,283945,PERSONAL,0.3692,35964,0.7337,0.6667,APPROVED,239462,0.135
CUST-000422,49,PROFESSIONAL,N/A,64321,220,OWNED,TIER_1,SINGLE,1,674,4,1,1,0.3653,0,2,38,2,62190,0.9592,54658,0,2,0.814,33057,99783,PERSONAL,0.5139,31264,0.6891,0.6671,REJECTED,0,0.0
CUST-000423,33,SELF_EMPLOYED,N/A,38227,99,OWNED,TIER_1,SINGLE,4,663,3,3,0,0.1131,0,0,63,1,36378,0.9294,23159,0,3,0.8869,11326,86725,PERSONAL,0.2963,26901,0.7111,0.6263,REJECTED,0,0.0
CUST-000424,42,SALARIED,GOVERNMENT,47725,179,RENTED,TIER_3,SINGLE,1,841,0,3,0,0.2698,0,1,32,0,49363,0.8235,14916,0,6,0.7765,0,198043,PERSONAL,0.0,47725,0.6952,0.7555,APPROVED,198043,0.12
CUST-000425,40,SALARIED,PRIVATE,45390,135,COMPANY,TIER_2,SINGLE,1,726,1,2,0,0.4414,0,3,26,1,45745,0.9435,22836,0,2,0.8699,7923,77758,PERSONAL,0.1746,37467,0.7717,0.6528,APPROVED,77758,0.135
CUST-000426,45,SELF_EMPLOYED,N/A,43099,178,COMPANY,TIER_3,MARRIED,1,786,0,3,0,0.6684,0,2,29,0,44787,0.9368,41193,0,6,0.8431,0,100609,PERSONAL,0.0,43099,0.6938,0.7033,APPROVED,100609,0.12
CUST-000427,27,PROFESSIONAL,N/A,73124,55,RENTED,TIER_1,SINGLE,1,641,1,4,1,0.2875,0,2,50,2,73011,0.8571,40526,0,6,0.7758,11249,68105,PERSONAL,0.1538,61875,0.7255,0.5494,REJECTED,0,0.0
CUST-000428,40,SALARIED,GOVERNMENT,44926,153,RENTED,TIER_1,SINGLE,1,850,3,2,2,0.1796,21,1,71,1,46842,0.8392,17592,0,4,0.7192,33853,266812,PERSONAL,0.55,11073,0.7321,0.8549,REJECTED,0,0.0
CUST-000429,43,SALARIED,PRIVATE,86939,180,OWNED,TIER_1,MARRIED,3,784,0,1,0,0.3796,0,1,46,1,85669,0.9446,82690,0,5,0.9106,0,90857,PERSONAL,0.0,86939,0.8905,0.7443,APPROVED,90857,0.12
CUST-000430,22,SALARIED,GOVERNMENT,182320,6,COMPANY,TIER_3,MARRIED,1,720,3,1,0,0.2011,11,0,34,1,186413,0.9042,57141,0,4,0.8365,12265,108147,PERSONAL,0.0673,170055,0.8377,0.6498,APPROVED,108147,0.135
CUST-000431,25,PROFESSIONAL,N/A,48150,42,COMPANY,TIER_2,MARRIED,1,718,2,3,1,0.2132,0,0,23,2,47191,0.8894,27613,0,2,0.8496,23778,78697,PERSONAL,0.4938,24372,0.7294,0.7261,REJECTED,0,0.0
CUST-000432,22,SALARIED,MNC,58902,6,RENTED,TIER_3,MARRIED,0,775,2,7,1,0.5056,0,0,83,0,55963,0.9606,44180,0,2,0.872,14776,123708,PERSONAL,0.2509,44126,0.6836,0.6553,APPROVED,123708,0.12
CUST-000433,32,PROFESSIONAL,N/A,65241,82,RENTED,TIER_1,SINGLE,4,772,1,2,0,0.1316,0,2,6,1,64456,0.8488,41168,2,6,0.5507,23138,139653,PERSONAL,0.3547,42103,0.6381,0.7568,APPROVED,139653,0.12
CUST-000434,40,SALARIED,PRIVATE,124276,142,OWNED,TIER_2,SINGLE,0,745,2,3,0,0.2059,0,0,43,0,127230,0.9576,45380,0,5,0.8188,40000,226699,PERSONAL,0.3219,84276,0.7884,0.6725,APPROVED,226699,0.135
CUST-000435,47,SALARIED,MNC,52992,189,OWNED,TIER_2,MARRIED,0,735,1,3,1,0.2697,0,6,65,0,51137,0.9738,21925,0,2,0.8672,5378,77451,PERSONAL,0.1015,47614,0.7855,0.6077,APPROVED,77451,0.135
CUST-000436,35,SALARIED,PRIVATE,37874,87,RENTED,TIER_1,MARRIED,2,765,1,5,1,0.1794,0,1,43,1,37892,0.9189,17188,0,2,0.8456,9544,111071,PERSONAL,0.252,28330,0.6638,0.7383,APPROVED,111071,0.12
CUST-000437,48,SALARIED,MNC,31108,187,COMPANY,TIER_3,DIVORCED,2,639,6,3,0,0.2299,0,3,34,1,30213,0.9573,25544,0,4,0.8361,40000,305516,PERSONAL,0.55,-8892,0.6472,0.6465,REJECTED,0,0.0
CUST-000438,23,SALARIED,MNC,53583,9,OWNED,TIER_3,MARRIED,1,714,2,2,1,0.2063,0,1,60,0,51303,0.9111,34419,0,3,0.9042,20116,252437,PERSONAL,0.3754,33467,0.81,0.6582,APPROVED,225048,0.155
CUST-000439,22,SALARIED,PRIVATE,44950,6,OWNED,TIER_3,MARRIED,1,644,1,1,1,0.427,0,1,21,1,45477,0.9426,23097,0,3,0.8351,5466,106882,PERSONAL,0.1216,39484,0.6898,0.4859,REJECTED,0,0.0
CUST-000440,34,SALARIED,GOVERNMENT,135888,82,COMPANY,TIER_2,SINGLE,2,768,2,2,0,0.5889,0,4,6,0,142029,0.8409,96021,0,6,0.8537,13229,146335,PERSONAL,0.0974,122659,0.8334,0.6749,APPROVED,146335,0.12
CUST-000441,38,SELF_EMPLOYED,N/A,121969,125,OWNED,TIER_1,MARRIED,0,697,0,3,0,0.2735,0,2,56,0,119660,0.9403,54210,1,3,0.7143,0,401277,PERSONAL,0.0,121969,0.7726,0.5977,REJECTED,0,0.0
CUST-000442,34,SALARIED,MNC,34531,64,RENTED,TIER_1,MARRIED,3,648,0,5,0,0.2293,19,1,24,2,34809,0.942,27837,0,4,0.8043,0,82569,PERSONAL,0.0,34531,0.6609,0.6221,REJECTED,0,0.0
CUST-000443,22,SALARIED,PRIVATE,39944,9,OWNED,TIER_3,MARRIED,2,691,2,3,2,0.2133,0,3,51,3,41755,0.9046,28699,0,4,0.8558,9012,57397,PERSONAL,0.2256,30932,0.6851,0.6234,REJECTED,0,0.0
CUST-000444,34,PROFESSIONAL,N/A,56856,67,RENTED,TIER_1,MARRIED,1,743,2,2,1,0.1485,0,2,45,0,57711,0.9418,31183,0,4,0.8466,14144,114730,PERSONAL,0.2488,42712,0.7778,0.632,APPROVED,114730,0.135
CUST-000445,24,SELF_EMPLOYED,N/A,103139,15,OWNED,TIER_2,SINGLE,1,723,1,2,0,0.3711,50,1,54,0,104924,0.9445,57994,0,4,0.8288,7597,143875,PERSONAL,0.0737,95542,0.8065,0.6665,APPROVED,143875,0.135
CUST-000446,40,PROFESSIONAL,N/A,56429,144,RENTED,TIER_2,MARRIED,1,670,0,3,0,0.5903,0,2,42,0,54617,0.873,29530,0,5,0.7458,0,100437,PERSONAL,0.0,56429,0.6963,0.5598,REJECTED,0,0.0
CUST-000447,37,PROFESSIONAL,N/A,41102,126,OWNED,TIER_2,MARRIED,2,641,1,2,1,0.3068,56,1,61,0,41071,0.9547,36730,0,0,0.8816,10379,244469,PERSONAL,0.2525,30723,0.7215,0.5481,REJECTED,0,0.0
CUST-000448,27,SALARIED,PRIVATE,53561,39,RENTED,TIER_3,SINGLE,1,739,1,4,1,0.3777,0,4,31,0,52849,0.921,35037,0,3,0.7693,7656,166661,PERSONAL,0.1429,45905,0.7146,0.6223,APPROVED,166661,0.135
CUST-000449,30,SALARIED,GOVERNMENT,41451,88,RENTED,TIER_1,SINGLE,1,703,0,3,0,0.4244,28,2,66,2,41330,0.9463,22807,0,1,0.8503,0,110876,PERSONAL,0.0,41451,0.7317,0.6864,APPROVED,110876,0.155
CUST-000450,26,SELF_EMPLOYED,N/A,72128,34,RENTED,TIER_1,MARRIED,2,720,1,2,0,0.3505,0,1,18,0,74297,0.9169,29355,0,3,0.7406,8968,114564,PERSONAL,0.1243,63160,0.7635,0.6277,APPROVED,114564,0.135
CUST-000451,34,SALARIED,MNC,39975,108,RENTED,TIER_1,MARRIED,4,726,0,1,0,0.4571,12,0,76,0,39817,0.9648,30363,0,10,0.7851,0,103281,PERSONAL,0.0,39975,0.6911,0.6726,APPROVED,103281,0.135
CUST-000452,42,SALARIED,MNC,43712,151,OWNED,TIER_2,SINGLE,1,758,1,2,1,0.4243,0,5,97,0,41801,0.9224,32586,0,3,0.8286,5874,227125,PERSONAL,0.1344,37838,0.7291,0.6605,APPROVED,183590,0.12
CUST-000453,27,SELF_EMPLOYED,N/A,92777,41,OWNED,TIER_1,MARRIED,3,781,0,4,0,0.1113,0,0,50,0,96539,0.9492,45110,0,3,0.838,0,118435,PERSONAL,0.0,92777,0.7995,0.78,APPROVED,118435,0.12
CUST-000454,39,SALARIED,MNC,38922,154,OWNED,TIER_1,MARRIED,1,743,5,1,1,0.3321,0,2,85,1,39096,0.9857,19740,0,2,0.8319,21612,82614,PERSONAL,0.55,17310,0.7365,0.6775,REJECTED,0,0.0
CUST-000455,30,SALARIED,PRIVATE,28690,61,RENTED,TIER_3,SINGLE,0,717,4,1,1,0.2846,0,1,91,0,29907,0.9816,16426,1,2,0.6967,24309,242641,PERSONAL,0.55,4381,0.7061,0.6533,REJECTED,0,0.0
CUST-000456,28,SALARIED,MNC,57402,50,RENTED,TIER_3,SINGLE,0,736,3,1,1,0.1641,0,0,40,0,57817,0.8348,21710,0,1,0.825,33549,130638,PERSONAL,0.55,23853,0.7253,0.6593,REJECTED,0,0.0
CUST-000457,34,SALARIED,PRIVATE,46764,107,RENTED,TIER_1,SINGLE,1,716,1,1,1,0.1757,0,2,49,3,44751,0.8976,28897,2,4,0.6071,11201,75996,PERSONAL,0.2395,35563,0.6147,0.6884,APPROVED,75996,0.155
CUST-000458,26,SALARIED,PRIVATE,69232,23,RENTED,TIER_1,SINGLE,0,644,1,2,0,0.3325,14,2,28,0,69598,0.9696,21508,0,4,0.8161,8177,353204,PERSONAL,0.1181,61055,0.7219,0.616,REJECTED,0,0.0
CUST-000459,30,SALARIED,PRIVATE,63446,38,COMPANY,TIER_3,SINGLE,0,795,0,3,0,0.2155,0,0,30,0,63926,0.891,22818,0,5,0.7774,0,203549,PERSONAL,0.0,63446,0.7417,0.7121,APPROVED,203549,0.12
CUST-000460,25,SELF_EMPLOYED,N/A,54215,27,RENTED,TIER_1,MARRIED,3,784,1,3,1,0.2747,17,0,53,2,52666,0.9539,26530,0,6,0.7745,10686,153509,PERSONAL,0.1971,43529,0.7001,0.6985,APPROVED,153509,0.12
CUST-000461,50,SALARIED,PRIVATE,53509,235,RENTED,TIER_1,SINGLE,3,844,3,2,1,0.4302,0,4,8,1,53353,0.9757,24970,0,2,0.8724,34880,134924,PERSONAL,0.55,18629,0.8294,0.8962,REJECTED,0,0.0
CUST-000462,35,SALARIED,PRIVATE,39495,87,RENTED,TIER_1,MARRIED,2,850,2,2,0,0.1363,33,1,68,0,39334,0.9015,28386,0,2,0.7742,14817,130381,PERSONAL,0.3752,24678,0.6881,0.7895,APPROVED,130381,0.12
CUST-000463,29,SELF_EMPLOYED,N/A,57102,64,RENTED,TIER_2,MARRIED,0,670,0,1,0,0.2678,33,3,52,1,57803,0.9089,38367,0,2,0.8911,0,129058,PERSONAL,0.0,57102,0.7104,0.5776,REJECTED,0,0.0
CUST-000464,36,PROFESSIONAL,N/A,81770,120,OWNED,TIER_1,SINGLE,0,716,1,3,1,0.1848,0,2,64,0,79804,0.9185,85092,0,2,0.7863,6740,130823,PERSONAL,0.0824,75030,0.753,0.7213,APPROVED,130823,0.155
CUST-000465,34,SELF_EMPLOYED,N/A,35491,68,OWNED,TIER_3,SINGLE,0,850,3,1,0,0.4337,21,6,43,2,35781,0.9514,22100,0,1,0.8327,10943,111696,PERSONAL,0.3083,24548,0.765,0.8415,APPROVED,111696,0.12
CUST-000466,33,SELF_EMPLOYED,N/A,54866,76,RENTED,TIER_2,MARRIED,2,732,2,1,0,0.2019,10,1,64,1,53444,0.9019,35748,0,2,0.8066,20569,142445,PERSONAL,0.3749,34297,0.6838,0.5849,APPROVED,142445,0.135
CUST-000467,39,SALARIED,PRIVATE,87760,131,RENTED,TIER_2,DIVORCED,3,748,1,2,0,0.4783,0,2,53,2,87290,0.9106,33067,0,4,0.7864,10115,110597,PERSONAL,0.1153,77645,0.7132,0.6899,APPROVED,110597,0.135
CUST-000468,41,SALARIED,GOVERNMENT,69046,149,RENTED,TIER_1,MARRIED,1,651,2,3,0,0.355,0,0,60,0,66440,0.9357,26037,0,4,0.8337,20487,167731,PERSONAL,0.2967,48559,0.7346,0.5568,REJECTED,0,0.0
CUST-000469,30,SALARIED,PRIVATE,99146,55,RENTED,TIER_2,MARRIED,0,743,1,2,1,0.396,0,1,69,3,94558,0.9375,61040,0,3,0.8515,11031,148249,PERSONAL,0.1113,88115,0.7569,0.6598,APPROVED,148249,0.135
CUST-000470,30,SALARIED,PRIVATE,42592,54,RENTED,TIER_2,MARRIED,1,841,2,2,1,0.4374,26,5,17,0,41827,0.9501,26404,0,2,0.8428,15301,105678,PERSONAL,0.3592,27291,0.6611,0.8205,APPROVED,105678,0.12
CUST-000471,32,SALARIED,PRIVATE,25000,100,COMPANY,TIER_3,SINGLE,1,805,2,3,1,0.2672,0,4,31,2,24436,0.9729,16842,0,2,0.7723,15488,143627,PERSONAL,0.55,9512,0.6087,0.7435,REJECTED,0,0.0
CUST-000472,22,SALARIED,PRIVATE,60197,6,OWNED,TIER_3,SINGLE,1,701,0,1,0,0.1276,0,1,103,0,59636,0.9445,60018,0,2,0.7746,0,196783,PERSONAL,0.0,60197,0.7206,0.6366,APPROVED,196783,0.155
CUST-000473,22,SELF_EMPLOYED,N/A,64747,6,OWNED,TIER_2,MARRIED,2,713,2,2,2,0.1467,0,2,52,3,67738,0.8267,24852,0,1,0.7056,9613,50000,PERSONAL,0.1485,55134,0.721,0.6553,APPROVED,50000,0.155
CUST-000474,45,SALARIED,PRIVATE,101811,183,RENTED,TIER_3,SINGLE,2,672,1,2,0,0.4509,0,2,6,3,102037,0.9635,120091,0,2,0.8358,11101,200283,PERSONAL,0.109,90710,0.7523,0.5607,REJECTED,0,0.0
CUST-000475,48,SALARIED,PRIVATE,93878,214,RENTED,TIER_3,MARRIED,0,688,1,4,1,0.1917,19,2,6,2,94377,0.9046,31036,0,3,0.8937,7471,81243,PERSONAL,0.0796,86407,0.7887,0.6461,REJECTED,0,0.0
CUST-000476,33,SALARIED,GOVERNMENT,70026,88,OWNED,TIER_3,SINGLE,0,629,2,2,0,0.3272,87,1,46,2,73118,0.8577,48774,0,2,0.7897,19653,119246,PERSONAL,0.2807,50373,0.7352,0.596,REJECTED,0,0.0
CUST-000477,39,SALARIED,GOVERNMENT,77614,133,OWNED,TIER_1,MARRIED,4,730,1,3,1,0.5073,0,0,35,0,80882,0.9189,28286,2,3,0.6989,28975,50000,PERSONAL,0.3733,48639,0.6606,0.651,APPROVED,50000,0.135
CUST-000478,37,SALARIED,GOVERNMENT,50451,112,OWNED,TIER_1,MARRIED,0,818,1,5,0,0.253,0,1,28,0,52388,0.8543,40440,0,5,0.7947,19767,199032,PERSONAL,0.3918,30684,0.7416,0.7742,APPROVED,199032,0.12
CUST-000479,59,SELF_EMPLOYED,N/A,31776,240,RENTED,TIER_1,DIVORCED,0,754,0,3,0,0.2461,0,1,91,1,30498,0.9392,10531,1,5,0.7063,0,103597,PERSONAL,0.0,31776,0.6634,0.7229,APPROVED,103597,0.12
CUST-000480,43,SALARIED,PRIVATE,57992,160,OWNED,TIER_2,MARRIED,0,810,1,3,0,0.3447,0,1,39,3,58770,0.928,11663,0,1,0.8182,4200,116831,PERSONAL,0.0724,53792,0.7451,0.7828,APPROVED,116831,0.12
CUST-000481,33,SALARIED,PRIVATE,85583,92,RENTED,TIER_2,MARRIED,0,794,2,2,1,0.2071,0,3,67,1,88219,0.8325,54435,3,3,0.467,11864,156955,PERSONAL,0.1386,73719,0.6599,0.7767,APPROVED,156955,0.12
CUST-000482,27,SALARIED,MNC,73898,28,COMPANY,TIER_2,SINGLE,1,704,1,1,0,0.5927,0,2,54,0,76377,0.9308,42176,0,6,0.8191,3580,55993,PERSONAL,0.0484,70318,0.8396,0.5641,APPROVED,55993,0.155
CUST-000483,22,SELF_EMPLOYED,N/A,80041,6,OWNED,TIER_3,DIVORCED,3,693,3,4,0,0.1356,0,3,40,2,80664,0.8555,74749,0,3,0.7182,31506,154727,PERSONAL,0.3936,48535,0.6733,0.6635,REJECTED,0,0.0
CUST-000484,36,SALARIED,PRIVATE,45369,128,OWNED,TIER_3,MARRIED,1,695,2,1,0,0.5822,0,1,20,1,43179,0.7826,28082,0,3,0.7213,23476,207422,PERSONAL,0.5174,21893,0.64,0.4971,REJECTED,0,0.0
CUST-000485,28,SALARIED,PRIVATE,48805,51,RENTED,TIER_3,MARRIED,1,640,0,4,0,0.1294,0,6,66,1,51116,0.9184,21738,0,1,0.7137,0,163650,PERSONAL,0.0,48805,0.7443,0.6469,REJECTED,0,0.0
CUST-000486,23,SALARIED,PRIVATE,68365,6,OWNED,TIER_1,MARRIED,2,736,0,1,0,0.6861,0,3,6,0,68174,0.913,33052,0,2,0.8343,0,123187,PERSONAL,0.0,68365,0.7677,0.6753,APPROVED,123187,0.135
CUST-000487,29,SALARIED,PRIVATE,43008,40,RENTED,TIER_2,MARRIED,1,575,2,4,0,0.1376,6,0,68,2,42550,0.8762,93407,0,0,0.8033,21220,153118,PERSONAL,0.4934,21788,0.7045,0.5441,REJECTED,0,0.0
CUST-000488,26,SELF_EMPLOYED,N/A,43608,50,RENTED,TIER_1,MARRIED,3,767,3,2,0,0.3874,0,2,51,0,43149,0.8996,18441,3,2,0.5616,32090,144443,PERSONAL,0.55,11518,0.5987,0.7449,REJECTED,0,0.0
CUST-000489,48,SELF_EMPLOYED,N/A,62892,193,RENTED,TIER_1,SINGLE,3,738,0,0,0,0.2194,0,6,62,0,62414,0.941,46544,0,4,0.8371,0,219182,PERSONAL,0.0,62892,0.727,0.6835,APPROVED,219182,0.135
CUST-000490,42,SALARIED,PRIVATE,77458,170,OWNED,TIER_1,DIVORCED,0,760,2,3,2,0.1826,27,1,48,0,75460,0.9252,54586,0,5,0.8608,15328,280939,PERSONAL,0.1979,62130,0.7527,0.6876,APPROVED,280939,0.12
CUST-000491,34,SELF_EMPLOYED,N/A,50276,103,RENTED,TIER_1,MARRIED,2,793,2,3,1,0.4367,0,2,18,1,49407,0.9608,37556,0,6,0.7932,13312,122146,PERSONAL,0.2648,36964,0.6467,0.6678,APPROVED,122146,0.12
CUST-000492,46,SELF_EMPLOYED,N/A,32586,189,RENTED,TIER_2,MARRIED,1,745,2,1,2,0.1285,0,2,57,2,34167,0.9579,23559,0,6,0.7674,20725,168409,PERSONAL,0.55,11861,0.7162,0.7486,REJECTED,0,0.0
CUST-000493,35,SELF_EMPLOYED,N/A,39496,100,COMPANY,TIER_3,MARRIED,4,824,0,4,0,0.4845,0,0,68,3,38975,0.853,21291,0,6,0.7655,0,107430,PERSONAL,0.0,39496,0.6041,0.717,APPROVED,107430,0.12
CUST-000494,28,SELF_EMPLOYED,N/A,60279,25,RENTED,TIER_1,MARRIED,1,769,2,0,2,0.4399,0,0,36,0,60440,0.895,17873,0,3,0.8365,7012,184747,PERSONAL,0.1163,53267,0.6991,0.6746,APPROVED,184747,0.12
CUST-000495,47,SALARIED,PRIVATE,59950,203,OWNED,TIER_2,SINGLE,4,693,2,1,1,0.3901,21,3,63,0,62038,0.9577,38280,0,3,0.925,23062,188801,PERSONAL,0.3847,36888,0.7464,0.6173,REJECTED,0,0.0
CUST-000496,39,SALARIED,PRIVATE,61306,143,RENTED,TIER_2,MARRIED,2,721,0,2,0,0.1837,0,1,55,1,61474,0.9283,36595,0,5,0.8338,0,137997,PERSONAL,0.0,61306,0.819,0.6704,APPROVED,137997,0.135
CUST-000497,26,SALARIED,PRIVATE,69540,18,RENTED,TIER_1,MARRIED,0,610,0,2,0,0.4815,0,0,58,1,68319,0.9556,43844,0,2,0.7524,0,194443,PERSONAL,0.0,69540,0.7102,0.5084,REJECTED,0,0.0
CUST-000498,33,SELF_EMPLOYED,N/A,55143,86,OWNED,TIER_2,SINGLE,1,685,1,2,1,0.0973,0,1,27,0,55273,0.9418,41479,0,4,0.7716,19435,150239,PERSONAL,0.3524,35708,0.7172,0.5706,REJECTED,0,0.0
CUST-000499,27,SALARIED,GOVERNMENT,61967,40,RENTED,TIER_1,MARRIED,4,714,1,4,1,0.2951,0,0,78,1,59575,0.9346,31510,0,4,0.7314,5956,146438,PERSONAL,0.0961,56011,0.6631,0.6377,APPROVED,146438,0.155
CUST-000500,23,SELF_EMPLOYED,N/A,53896,15,OWNED,TIER_2,SINGLE,3,765,1,2,1,0.2338,82,1,55,3,51901,0.9194,25232,0,4,0.7928,9280,96587,PERSONAL,0.1722,44616,0.7452,0.7487,APPROVED,96587,0.12
